-- phpMyAdmin SQL Dump
-- version 4.7.4
-- https://www.phpmyadmin.net/
--
-- Host: 127.0.0.1
-- Generation Time: 2019-07-10 03:03:34
-- 服务器版本： 10.1.28-MariaDB
-- PHP Version: 5.6.32

SET SQL_MODE = "NO_AUTO_VALUE_ON_ZERO";
SET AUTOCOMMIT = 0;
START TRANSACTION;
SET time_zone = "+00:00";


/*!40101 SET @OLD_CHARACTER_SET_CLIENT=@@CHARACTER_SET_CLIENT */;
/*!40101 SET @OLD_CHARACTER_SET_RESULTS=@@CHARACTER_SET_RESULTS */;
/*!40101 SET @OLD_COLLATION_CONNECTION=@@COLLATION_CONNECTION */;
/*!40101 SET NAMES utf8mb4 */;

--
-- Database: `huaihai`
--
CREATE DATABASE IF NOT EXISTS `huaihai` DEFAULT CHARACTER SET utf8 COLLATE utf8_general_ci;
USE `huaihai`;

-- --------------------------------------------------------

--
-- 表的结构 `hh_index_carousel`
--

DROP TABLE IF EXISTS `hh_index_carousel`;
CREATE TABLE IF NOT EXISTS `hh_index_carousel` (
  `cid` int(11) NOT NULL AUTO_INCREMENT,
  `img` varchar(128) DEFAULT NULL,
  `href` varchar(128) DEFAULT NULL,
  PRIMARY KEY (`cid`)
) ENGINE=InnoDB AUTO_INCREMENT=13 DEFAULT CHARSET=utf8;

--
-- 转存表中的数据 `hh_index_carousel`
--

INSERT INTO `hh_index_carousel` (`cid`, `img`, `href`) VALUES
(1, 'img/index/WNpsFk6sjh.jpg', 'index.html'),
(2, 'img/index/wJkbSNJcem.jpg', 'product_detail.html?wid=47'),
(3, 'img/index/MAie2DBDhd.jpg', 'product_detail.html?wid=29'),
(4, 'img/index/iPHwTQSKNa.jpg', 'product_list.html?fid=16'),
(5, 'img/index/wkx5dsRzJe.jpg', 'product_list.html?fid=8'),
(6, 'img/index/GAAnCHdDZn.jpg', 'product_list.html?fid=15'),
(7, 'img/index/kaEDWmdr8k.png', 'product_list.html?fid=14'),
(8, 'img/index/Ghan7EmQy2.jpg', 'product_list.html?fid=11'),
(9, 'img/index/8C6ns5jCcW.png', 'product_list.html?fid=9'),
(10, 'img/index/QHX76ZdDDp.png', 'product_list.html?fid=3'),
(11, 'img/index/k57452D3iF.png', 'product_list.html?fid=12'),
(12, 'img/index/ntesJCXPE5.png', 'product_list.html?fid=5');

-- --------------------------------------------------------

--
-- 表的结构 `hh_index_product`
--

DROP TABLE IF EXISTS `hh_index_product`;
CREATE TABLE IF NOT EXISTS `hh_index_product` (
  `pid` int(11) NOT NULL AUTO_INCREMENT,
  `title` varchar(64) DEFAULT NULL,
  `pic` varchar(128) DEFAULT NULL,
  `price` decimal(10,2) DEFAULT NULL,
  `href` varchar(128) DEFAULT NULL,
  PRIMARY KEY (`pid`)
) ENGINE=InnoDB AUTO_INCREMENT=53 DEFAULT CHARSET=utf8;

--
-- 转存表中的数据 `hh_index_product`
--

INSERT INTO `hh_index_product` (`pid`, `title`, `pic`, `price`, `href`) VALUES
(1, '赖茅酒（传承）53%vol 500ml', 'img/index/ep2NPeZFKS.jpg', '888.00', 'product_detail.html?wid=25'),
(2, '汉酱酒 51%vol 500ml', 'img/index/Q2MXQPpBwT.jpg', '998.00', 'product_detail.html?wid=3'),
(3, '习酒 窖藏1988 雅致版 53%vol 500ml', 'img/index/XDf68r5G5a.jpg', '2008.00', 'product_detail.html?wid=98'),
(4, '习酒 印象遵义（红色）52%vol 500ml', 'img/index/WNf54JkFKj.jpg', '5068.00', 'product_detail.html?wid=111'),
(5, '贵州茅台酒五星53%vol 500ml', 'img/index/Mz8hHh4KGj.jpg', '55555559.00', 'product_detail.html?wid=84'),
(6, '贵州茅台酒15年53%vol 500ml', 'img/index/FnTHFMAwXQ.jpg', '666669.00', 'product_detail.html?wid=79'),
(7, '贵州茅台酒30年53%vol 500ml', 'img/index/rwDf2tbxA4.jpg', '9999996.00', 'product_detail.html?wid=80'),
(8, '贵州茅台酒50年53%vol 500ml', 'img/index/ia5meSWkMz.jpg', '99999998.00', 'product_detail.html?wid=81'),
(9, '贵州茅台酒（新飞天）43%vol 500ml', 'img/index/DpxfDTjwjB.jpg', '1889.00', 'product_detail.html?wid=76'),
(10, '贵州茅台酒飞天53%vol 375ml', 'img/index/GQe3ExdbaT.jpg', '18999.00', 'product_detail.html?wid=83'),
(11, '贵州茅台酒飞天53%vol 200ml', 'img/index/h8smrwMNiA.jpg', '16888.00', 'product_detail.html?wid=82'),
(12, '茅台王子酒（己亥猪年）53%vol 500ml', 'img/index/wmWijWshSJ.jpg', '888.00', 'product_detail.html?wid=53'),
(13, ' 茅台王子酒（己亥猪年）53%vol 2.5L', 'img/index/68NmXMjTRb.jpg', '999.00', 'product_detail.html?wid=54'),
(14, '赖茅酒（己亥猪年）53%vol 500ml', 'img/index/h4RKwawCbn.jpg', '1999.00', 'product_detail.html?wid=27'),
(15, '贵州大曲（己亥猪年）53%vol 2.5L', 'img/index/cjwk2zzCjr.jpg', '888.00', 'product_detail.html?wid=17'),
(16, '习酒 窖藏1988 53%vol 500ml', 'img/index/dXTxAXH3Rk.jpg', '1008.00', 'product_detail.html?wid=97'),
(17, '习酒 窖藏1998 53%vol 500ml', 'img/index/XDf68r5G5a.jpg', '3008.00', 'product_detail.html?wid=105'),
(18, '习酒 窖藏1998(红盒) 53%vol 500ml', 'img/index/YDXNYeBbWi.jpg', '3218.00', 'product_detail.html?wid=106'),
(19, '习酒 窖藏十年 龙凤献瑞 53%vol 500ml', 'img/index/mEt7rFFBwB.jpg', '3999.00', 'product_detail.html?wid=107'),
(20, '茅台干红葡萄酒（基蒂）13%vol 750ml', 'img/index/jRpRKbRzcR.jpg', '328.00', 'product_detail.html?wid=58'),
(21, '茅台干红葡萄酒（闻鸡起舞）13%vol 750ml', 'img/index/zCd656RWJz.jpg', '368.00', 'product_detail.html?wid=61'),
(22, '茅台干红葡萄酒（戊戌狗年）13%vol 750ml', 'img/index/P3iXMA5jtQ.jpg', '389.00', 'product_detail.html?wid=62'),
(23, '茅台干红葡萄酒（黑方）12%vol 750ml', 'img/index/ezHk2hP8yf.jpg', '308.00', 'product_detail.html?wid=56'),
(24, '悠蜜十二15%vol 375ml单支礼盒装', 'img/index/Tcimet7FJz.jpg', '199.00', 'product_detail.html?wid=37'),
(25, '粲酒（混酿）35%vol 150ml', 'img/index/HdMBBWzdsD.jpg', '35.00', 'product_detail.html?wid=14'),
(26, '粲酒（清酿）13%vol 150ml', 'img/index/mjENPJifHd.jpg', '25.00', 'product_detail.html?wid=15'),
(27, '悠蜜 U味蓝莓酒 6%vol 200ml（单只装，可选口味）', 'img/index/4RYnTQ4cJa.jpg', '559.00', 'product_detail.html?wid=34'),
(28, '茅台醇（1998）53%vol 500ml', 'img/index/CEW5BNP5KA.jpg', '1666.00', 'product_detail.html?wid=22'),
(29, '茅台醇（1992）53%vol 500ml', 'img/index/DPdxEAxMG4.jpg', '1888.00', 'product_detail.html?wid=21'),
(30, '茅台醇（丁酉鸡年）53%vol 500ml', 'img/index/GSb5iGr4w7.jpg', '2888.00', 'product_detail.html?wid=24'),
(31, '茅台醇（丁酉鸡年）53%vol 500ml', 'img/index/8f2bYmKYjB.jpg', '2888.00', 'product_detail.html?wid=24'),
(32, '茅台不老酒搏（黄）53%vol 500ml', 'img/index/t47ai7JfGF.jpg', '308.00', 'product_detail.html?wid=45'),
(33, '茅台不老酒 炫系列（橙）46%vol 125ml*7礼盒装', 'img/index/CaAk3s3FMy.jpg', '126.00', 'product_detail.html?wid=38'),
(34, '茅台不老酒 炫系列（蓝）46%vol 125ml*7礼盒装', 'img/index/ct6KKzYaAm.jpg', '158.00', 'product_detail.html?wid=40'),
(35, '健酱世家 天地之心酒 53%vol 500ml', 'img/index/2jAtSYMsiE.jpg', '889.00', 'product_detail.html?wid=18'),
(36, '白金酱酒（红酱A1）53%vol 500ml', 'img/index/B36NsZACPd.jpg', '558.00', 'product_detail.html?wid=10'),
(37, '白金酒（红坛）53%vol 500ml', 'img/index/RbDBGzKtnp.jpg', '668.00', 'product_detail.html?wid=11'),
(38, '白金酒（金坛）53%vol 500ml', 'img/index/eTGkzRY46m.jpg', '998.00', 'product_detail.html?wid=12'),
(39, '白金酒（紫坛）53%vol 500ml', 'img/index/mnF2E3N7zW.jpg', '1080.00', 'product_detail.html?wid=13'),
(40, NULL, 'img/index/66rrcZpM8B.jpg', NULL, 'product_detail.html?wid=110'),
(41, NULL, 'img/index/AHaP22eN34.png', NULL, 'product_detail.html?wid=25'),
(42, NULL, 'img/index/8FJmZaJepZ.png', NULL, 'product_detail.html?wid=31'),
(44, NULL, 'img/index/tztbmmJwNj.png', NULL, 'product_detail.html?wid=47'),
(45, NULL, 'img/index/rbdYRdCZw4.jpg', NULL, 'product_list.html?fid=15'),
(46, NULL, 'img/index/NdcNAR5Dmk.jpg', NULL, 'product_list.html?fid=13'),
(47, NULL, 'img/index/sB3b4Zchfz.jpg', NULL, 'product_list.html?fid=16'),
(48, NULL, 'img/index/tPNRjxrNAG.jpg', NULL, 'product_list.html?fid=14'),
(49, NULL, 'img/index/mbwjBDywaK.jpg', NULL, 'product_list.html?fid=11'),
(50, NULL, 'img/index/xr6rNXFe53.jpg', NULL, 'product_list.html?fid=9'),
(51, NULL, 'img/index/4EAz43rXew.jpg', NULL, 'product_list.html?fid=12'),
(52, NULL, 'img/index/8DkcA6hmwS.jpg', NULL, 'product_list.html?fid=5');

-- --------------------------------------------------------

--
-- 表的结构 `hh_order`
--

DROP TABLE IF EXISTS `hh_order`;
CREATE TABLE IF NOT EXISTS `hh_order` (
  `oid` int(11) NOT NULL AUTO_INCREMENT,
  `uid` int(11) DEFAULT NULL,
  `aid` int(11) DEFAULT NULL,
  `status` int(11) DEFAULT NULL,
  `order_time` bigint(20) DEFAULT NULL,
  `pay_time` bigint(20) DEFAULT NULL,
  `deliver_time` bigint(20) DEFAULT NULL,
  `recerived_time` bigint(20) DEFAULT NULL,
  PRIMARY KEY (`oid`)
) ENGINE=InnoDB DEFAULT CHARSET=utf8;

-- --------------------------------------------------------

--
-- 表的结构 `hh_order_detail`
--

DROP TABLE IF EXISTS `hh_order_detail`;
CREATE TABLE IF NOT EXISTS `hh_order_detail` (
  `did` int(11) NOT NULL AUTO_INCREMENT,
  `oid` int(11) DEFAULT NULL,
  `wid` int(11) DEFAULT NULL,
  `count` int(11) DEFAULT NULL,
  PRIMARY KEY (`did`)
) ENGINE=InnoDB DEFAULT CHARSET=utf8;

-- --------------------------------------------------------

--
-- 表的结构 `hh_receiver_address`
--

DROP TABLE IF EXISTS `hh_receiver_address`;
CREATE TABLE IF NOT EXISTS `hh_receiver_address` (
  `aid` int(11) NOT NULL AUTO_INCREMENT,
  `uid` int(11) DEFAULT NULL,
  `receiver` varchar(16) DEFAULT NULL,
  `province` varchar(16) DEFAULT NULL,
  `city` varchar(16) DEFAULT NULL,
  `county` varchar(16) DEFAULT NULL,
  `address` varchar(128) DEFAULT NULL,
  `cellphone` varchar(16) DEFAULT NULL,
  `fixedphone` varchar(16) DEFAULT NULL,
  `postcode` char(6) DEFAULT NULL,
  `tag` varchar(16) DEFAULT NULL,
  `is_default` tinyint(1) DEFAULT NULL,
  PRIMARY KEY (`aid`)
) ENGINE=InnoDB DEFAULT CHARSET=utf8;

-- --------------------------------------------------------

--
-- 表的结构 `hh_shopping_cart`
--

DROP TABLE IF EXISTS `hh_shopping_cart`;
CREATE TABLE IF NOT EXISTS `hh_shopping_cart` (
  `cid` int(11) NOT NULL AUTO_INCREMENT,
  `uid` int(11) DEFAULT NULL,
  `wid` int(11) DEFAULT NULL,
  `count` int(11) DEFAULT NULL,
  `is_checked` tinyint(1) DEFAULT NULL,
  PRIMARY KEY (`cid`)
) ENGINE=InnoDB DEFAULT CHARSET=utf8;

-- --------------------------------------------------------

--
-- 表的结构 `hh_tatail_pics`
--

DROP TABLE IF EXISTS `hh_tatail_pics`;
CREATE TABLE IF NOT EXISTS `hh_tatail_pics` (
  `tid` int(11) NOT NULL AUTO_INCREMENT,
  `pic1` varchar(128) DEFAULT NULL,
  `pic2` varchar(128) DEFAULT NULL,
  `pic3` varchar(128) DEFAULT NULL,
  `pic4` varchar(128) DEFAULT NULL,
  `pic5` varchar(128) DEFAULT NULL,
  `pic6` varchar(128) DEFAULT NULL,
  `pic7` varchar(128) DEFAULT NULL,
  `pic8` varchar(128) DEFAULT NULL,
  `pic9` varchar(128) DEFAULT NULL,
  `picb1` varchar(128) DEFAULT NULL,
  `picb2` varchar(128) DEFAULT NULL,
  `picb3` varchar(128) DEFAULT NULL,
  PRIMARY KEY (`tid`)
) ENGINE=InnoDB AUTO_INCREMENT=13 DEFAULT CHARSET=utf8;

--
-- 转存表中的数据 `hh_tatail_pics`
--

INSERT INTO `hh_tatail_pics` (`tid`, `pic1`, `pic2`, `pic3`, `pic4`, `pic5`, `pic6`, `pic7`, `pic8`, `pic9`, `picb1`, `picb2`, `picb3`) VALUES
(1, 'product/tatail/fang/2j2CrQ2Mdp.jpg', 'product/tatail/fang/4WxYYEhM5t.jpg', 'product/tatail/fang/cmDpNizWKp.jpg', 'product/tatail/fang/CQk8Rr88T7.jpg', 'product/tatail/fang/j35Qd7GaYQ.jpg', 'product/tatail/fang/kT7cTYNZHK.jpg', 'product/tatail/fang/ncSzynTt52.jpg', 'product/tatail/fang/PGtX2SwmcM.jpg', 'product/tatail/fang/RKmyYr4Pd6.jpg', 'product/tatail/public_tatail/PBER5rXYeK.jpg', 'product/tatail/public_tatail/cP3p53mtbF.jpg', 'product/tatail/public_tatail/hedEt8aKcb.jpg'),
(2, 'product/tatail/zhen/64m5CdCCRH.jpg', 'product/tatail/zhen/J3kpNFCX4J.jpg', 'product/tatail/zhen/NcNz5sckkX.jpg', 'product/tatail/zhen/nnKQXhydGZ.jpg', 'product/tatail/zhen/pz2CMKixZY.jpg', 'product/tatail/zhen/tcQtSiBs6D.jpg', 'product/tatail/zhen/wrBNsH25Q8.jpg', 'product/tatail/zhen/yEYdpEYC55.jpg', 'product/tatail/zhen/zGzdcCZwPN.jpg', 'product/tatail/public_tatail/PBER5rXYeK.jpg', 'product/tatail/public_tatail/cP3p53mtbF.jpg', 'product/tatail/public_tatail/hedEt8aKcb.jpg'),
(3, 'product/tatail/xi98/4DbyjG8aQp.jpg', 'product/tatail/xi98/AK74sSwNBy.jpg', 'product/tatail/xi98/AQMK8QPPnw.jpg', 'product/tatail/xi98/cPwi7PJNAG.jpg', 'product/tatail/xi98/E3mAjCDi2C.jpg', 'product/tatail/xi98/rn4nE5scAC.jpg', 'product/tatail/xi98/sZ7YYKWFQQ.jpg', 'product/tatail/xi98/Te3bYM6FZN.jpg', 'product/tatail/xi98/wFxzZTi5jS.jpg', 'product/tatail/public_tatail/PBER5rXYeK.jpg', 'product/tatail/public_tatail/cP3p53mtbF.jpg', 'product/tatail/public_tatail/hedEt8aKcb.jpg'),
(4, 'product/tatail/zun/3jkn4tHaTF.jpg', 'product/tatail/zun/4TyYzbAdGY.jpg', 'product/tatail/zun/aDBQGRiyQQ.jpg', 'product/tatail/zun/AF2Sm3kFZc.jpg', 'product/tatail/zun/bApE3wRbeG.jpg', 'product/tatail/zun/ed4iQxmaSh.jpg', 'product/tatail/zun/h8TkZSBrFA.jpg', 'product/tatail/zun/tsxwWehCPy.jpg', 'product/tatail/zun/y2TzhTkB46.jpg', 'product/tatail/public_tatail/PBER5rXYeK.jpg', 'product/tatail/public_tatail/cP3p53mtbF.jpg', 'product/tatail/public_tatail/hedEt8aKcb.jpg'),
(5, 'product/tatail/jiang/4Z5PsBa3jw.jpg', 'product/tatail/jiang/ArCCJeePYC.jpg', 'product/tatail/jiang/FXNyMz4GJZ.jpg', 'product/tatail/jiang/KKrka86kWX.jpg', 'product/tatail/jiang/mTebKM4c6a.jpg', 'product/tatail/jiang/n53xknepRh.jpg', 'product/tatail/jiang/phCSRJedeM.jpg', 'product/tatail/jiang/PNMPBJjCrR.jpg', 'product/tatail/jiang/YzaKKd4jKW.jpg', 'product/tatail/public_tatail/PBER5rXYeK.jpg', 'product/tatail/public_tatail/cP3p53mtbF.jpg', 'product/tatail/public_tatail/hedEt8aKcb.jpg'),
(6, 'product/tatail/hong/2hEmTKfxpw.jpg', 'product/tatail/hong/A72WSZMcWG.jpg', 'product/tatail/hong/fAJRYW7Dnn.jpg', 'product/tatail/hong/k5HQXpdzQT.jpg', 'product/tatail/hong/n8jjdGm86G.jpg', 'product/tatail/hong/nJBmiCwE3b.jpg', 'product/tatail/hong/QZpN5wdwpN.jpg', 'product/tatail/hong/TyBt4DPfdf.jpg', 'product/tatail/hong/yCA4A5i6Zp.jpg', 'product/tatail/public_tatail/PBER5rXYeK.jpg', 'product/tatail/public_tatail/cP3p53mtbF.jpg', 'product/tatail/public_tatail/hedEt8aKcb.jpg'),
(7, 'product/tatail/dian/5c3D68YhBF.jpg', 'product/tatail/dian/8hhkeZRSrR.jpg', 'product/tatail/dian/8npfAKA5CK.jpg', 'product/tatail/dian/AQE6XzxWbC.jpg', 'product/tatail/dian/j8BdmEC4Ef.jpg', 'product/tatail/dian/MB5ECbTwdN.jpg', 'product/tatail/dian/TaBHdwR2Fx.jpg', 'product/tatail/dian/tj3PMiGtBB.jpg', 'product/tatail/dian/Y4fFPDybtC.jpg', 'product/tatail/public_tatail/PBER5rXYeK.jpg', 'product/tatail/public_tatail/cP3p53mtbF.jpg', 'product/tatail/public_tatail/hedEt8aKcb.jpg'),
(8, 'product/tatail/pin/a2sMab2WJP.jpg', 'product/tatail/pin/ff3A7y6emS.jpg', 'product/tatail/pin/G32H64cpGj.jpg', 'product/tatail/pin/JpcjaWKFKY.jpg', 'product/tatail/pin/kMd7pxtxat.jpg', 'product/tatail/pin/RX8rWZhkxX.jpg', 'product/tatail/pin/sxYPkDXPnX.jpg', 'product/tatail/pin/WPzswiR3Ps.jpg', 'product/tatail/pin/YTXdWZGGQC.jpg', 'product/tatail/public_tatail/PBER5rXYeK.jpg', 'product/tatail/public_tatail/cP3p53mtbF.jpg', 'product/tatail/public_tatail/hedEt8aKcb.jpg'),
(9, 'product/tatail/jin/6EhejaNdft.jpg', 'product/tatail/jin/azh785mrcD.jpg', 'product/tatail/jin/Kn5EPNejrK.jpg', 'product/tatail/jin/P5Yx3tfFGG.jpg', 'product/tatail/jin/pZPtDWrpj3.jpg', 'product/tatail/jin/R6C48PiNmh.jpg', 'product/tatail/jin/rH7dswByzj.jpg', 'product/tatail/jin/wxYSzJNsSP.jpg', 'product/tatail/jin/ZHraJ2h67f.jpg', 'product/tatail/public_tatail/PBER5rXYeK.jpg', 'product/tatail/public_tatail/cP3p53mtbF.jpg', 'product/tatail/public_tatail/hedEt8aKcb.jpg'),
(10, 'product/tatail/cang/4DbyjG8aQp.jpg', 'product/tatail/cang/AK74sSwNBy.jpg', 'product/tatail/cang/AQMK8QPPnw.jpg', 'product/tatail/cang/cPwi7PJNAG.jpg', 'product/tatail/cang/E3mAjCDi2C.jpg', 'product/tatail/cang/rn4nE5scAC.jpg', 'product/tatail/cang/sZ7YYKWFQQ.jpg', 'product/tatail/cang/Te3bYM6FZN.jpg', 'product/tatail/cang/wFxzZTi5jS.jpg', 'product/tatail/public_tatail/PBER5rXYeK.jpg', 'product/tatail/public_tatail/cP3p53mtbF.jpg', 'product/tatail/public_tatail/hedEt8aKcb.jpg'),
(11, 'product/tatail/gui/3bmkdBPWY7.jpg', 'product/tatail/gui/4bcBD4Ht4m.jpg', 'product/tatail/gui/8EtbARiNrz.jpg', 'product/tatail/gui/BGGkt4Brhz.jpg', 'product/tatail/gui/hCjK2E6tHB.jpg', 'product/tatail/gui/iJfceYm65n.jpg', 'product/tatail/gui/SG4jBKx5Db.jpg', 'product/tatail/gui/wmCdMpR8Z4.jpg', 'product/tatail/gui/ZW2CbymGGM.jpg', 'product/tatail/public_tatail/PBER5rXYeK.jpg', 'product/tatail/public_tatail/cP3p53mtbF.jpg', 'product/tatail/public_tatail/hedEt8aKcb.jpg'),
(12, 'product/tatail/yin/8aJhErmYCN.jpg', 'product/tatail/yin/ANTcmekGCP.jpg', 'product/tatail/yin/bxrJYbTEty.jpg', 'product/tatail/yin/E3QBrpBsCE.jpg', 'product/tatail/yin/eazi3XTtDb.jpg', 'product/tatail/yin/f27wNk8N2M.jpg', 'product/tatail/yin/fxXB6eEbHx.jpg', 'product/tatail/yin/GtPX6xxAkC.jpg', 'product/tatail/yin/zKEp5mDN56.jpg', 'product/tatail/public_tatail/PBER5rXYeK.jpg', 'product/tatail/public_tatail/cP3p53mtbF.jpg', 'product/tatail/public_tatail/hedEt8aKcb.jpg');

-- --------------------------------------------------------

--
-- 表的结构 `hh_user`
--

DROP TABLE IF EXISTS `hh_user`;
CREATE TABLE IF NOT EXISTS `hh_user` (
  `uid` int(11) NOT NULL AUTO_INCREMENT,
  `uname` varchar(32) DEFAULT NULL,
  `upwd` varchar(32) DEFAULT NULL,
  `email` varchar(64) DEFAULT NULL,
  `phone` varchar(16) DEFAULT NULL,
  `avatar` varchar(128) DEFAULT NULL,
  `user_name` varchar(32) DEFAULT NULL,
  `gender` int(11) DEFAULT NULL,
  `birthday` bigint(20) DEFAULT NULL,
  PRIMARY KEY (`uid`)
) ENGINE=InnoDB AUTO_INCREMENT=7 DEFAULT CHARSET=utf8;

--
-- 转存表中的数据 `hh_user`
--

INSERT INTO `hh_user` (`uid`, `uname`, `upwd`, `email`, `phone`, `avatar`, `user_name`, `gender`, `birthday`) VALUES
(1, 'admin', '6d581eca12007835978ed46efc844cc7', 'l_daozheng@163.com', '15890595895', 'img/avatar/default.png', '丁伟', 1, 1550000000000),
(2, 'dingding', 'e10adc3949ba59abbe56e057f20f883e', 'l_daozheng@163.com', '15890595895', 'img/avatar/default.png', '丁伟', 1, 1550000000000),
(3, 'dangdang', 'e10adc3949ba59abbe56e057f20f883e', 'l_daozheng@163.com', '15890595895', 'img/avatar/default.png', '党馨', 0, 1555000000000),
(4, 'tom', 'e10adc3949ba59abbe56e057f20f883e', 'l_daozheng@163.com', '15890595895', 'img/avatar/default.png', '唐姆', 1, 1550000000000),
(5, 'mary', 'e10adc3949ba59abbe56e057f20f883e', 'l_daozheng@163.com', '15290601082', 'img/avatar/default.png', '马锐', 0, 1555000000000),
(6, 'mike', 'e10adc3949ba59abbe56e057f20f883e', 'l_daozheng@163.com', '15290601082', 'img/avatar/default.png', '麦克', 1, 1550000000000);

-- --------------------------------------------------------

--
-- 表的结构 `hh_wine`
--

DROP TABLE IF EXISTS `hh_wine`;
CREATE TABLE IF NOT EXISTS `hh_wine` (
  `wid` int(11) NOT NULL AUTO_INCREMENT,
  `fid` int(11) DEFAULT NULL,
  `pwid` int(11) DEFAULT NULL,
  `title` varchar(128) DEFAULT NULL,
  `subtitle` varchar(128) DEFAULT NULL,
  `price` decimal(10,2) DEFAULT NULL,
  `promise` varchar(64) DEFAULT NULL,
  `spec` varchar(64) DEFAULT NULL,
  `pname` varchar(32) DEFAULT NULL,
  `memory` varchar(32) DEFAULT NULL,
  `category` varchar(32) DEFAULT NULL,
  `tid` varchar(10) DEFAULT NULL,
  `shelf_time` bigint(20) DEFAULT NULL,
  `sold_count` int(11) DEFAULT NULL,
  `is_onsale` tinyint(1) DEFAULT NULL,
  PRIMARY KEY (`wid`)
) ENGINE=InnoDB AUTO_INCREMENT=118 DEFAULT CHARSET=utf8;

--
-- 转存表中的数据 `hh_wine`
--

INSERT INTO `hh_wine` (`wid`, `fid`, `pwid`, `title`, `subtitle`, `price`, `promise`, `spec`, `pname`, `memory`, `category`, `tid`, `shelf_time`, `sold_count`, `is_onsale`) VALUES
(1, 1, 1, '仁酒', '仁酒', '328.00', '由 怀海商城 发货，并提供售后服务', '53%vol', '仁酒 53%vol 500ml', '500ml', '仁酒', '1', 1555000000000, 10, 1),
(2, 2, 2, '汉酱酒', '蓝色铂金', '238.00', '由 怀海商城 发货，并提供售后服务', '53%vol', '汉酱酒（蓝色铂金）51%vol 500ml', '500ml', '汉酱', '1', 1550000000000, 199, 1),
(3, 2, 3, '汉酱酒', '汉酱酒', '998.00', '由 怀海商城 发货，并提供售后服务', '51%vol', '汉酱酒 51%vol 500ml', '500ml', '汉酱', '1', 1550000000000, 200, 1),
(4, 3, 4, '黔茅酒', '红彩', '668.00', '由 怀海商城 发货，并提供售后服务', '53%vol', '黔茅（红彩）53%vol 500ml', '500ml', '黔茅', '1', 1550000000000, 208, 1),
(5, 3, 5, '黔茅酒', '黄彩', '559.00', '由 怀海商城 发货，并提供售后服务', '53%vol', '黔茅（黄彩）53%vol 500ml', '500ml', '黔茅', '1', 1550000000000, 300, 1),
(6, 3, 6, '黔茅酒', '篮彩', '998.00', '由 怀海商城 发货，并提供售后服务', '53%vol', '黔茅（蓝彩）53%vol 500ml', '500ml', '黔茅', '1', 1550000000000, 300, 1),
(7, 4, 7, '健酱世家酒', '君子有度酒', '889.00', '由 怀海商城 发货，并提供售后服务', '53%vol', '健酱世家 君子有度酒 53%vol 500ml', '500ml', '健酱世家', '1', 1550000000000, 100, 1),
(8, 4, 8, '健酱世家酒', '天地之心酒', '889.00', '由 怀海商城 发货，并提供售后服务', '53%vol', '健酱世家 天地之心酒 53%vol 500ml', '500ml', '健酱世家', '1', 1550000000000, 600, 1),
(9, 4, 9, '健酱世家酒', '天佑天成酒', '889.00', '由 怀海商城 发货，并提供售后服务', '53%vol', '健酱世家 天佑天成酒 53%vol 500ml', '500ml', '健酱世家', '1', 1550000000000, 399, 1),
(10, 5, 10, '白金酱酒', '红酱A1', '558.00', '由 怀海商城 发货，并提供售后服务', '53%vol', '白金酱酒（红酱A1）53%vol 500ml', '500ml', '白金酒', '2', 1550000000000, 122, 1),
(11, 5, 11, '白金酒', '红坛', '668.00', '由 怀海商城 发货，并提供售后服务', '53%vol', '白金酒（红坛）53%vol 500ml', '500ml', '白金酒', '2', 1550000000000, 323, 1),
(12, 5, 12, '白金酒', '金坛', '998.00', '由 怀海商城 发货，并提供售后服务', '53%vol', '白金酒（金坛）53%vol 500ml', '500ml', '白金酒', '2', 1550000000000, 32, 1),
(13, 5, 13, '白金酒', '紫坛', '1080.00', '由 怀海商城 发货，并提供售后服务', '53%vol', '白金酒（紫坛）53%vol 500ml', '500ml', '白金酒', '2', 1550000000000, 46, 1),
(14, 6, 14, '粲酒', '混酿', '35.00', '由 怀海商城 发货，并提供售后服务', '35%vol', '粲酒（混酿）35%vol 150ml', '150ml', '粲酒', '2', 1550000000000, 21, 1),
(15, 6, 15, '粲酒', '清酿', '25.00', '由 怀海商城 发货，并提供售后服务', '13%vol', '粲酒（清酿）13%vol 150ml', '150ml', '粲酒', '2', 1550000000000, 12, 1),
(16, 7, 16, '贵州大曲酒', '80年代（电商专享）', '998.00', '由 怀海商城 发货，并提供售后服务', '53%vol', '贵州大曲 80年代（电商专享） 53%vol 500ml', '500ml', '贵州大曲', '2', 1550000000000, 48, 1),
(17, 7, 17, '贵州大曲酒', '乙亥猪年', '888.00', '由 怀海商城 发货，并提供售后服务', '53%vol', '贵州大曲（己亥猪年）53%vol 2.5L', '2.5L', '贵州大曲', '2', 1550000000000, 89, 1),
(18, 7, 18, '贵州大曲酒', '戊戌狗年', '998.00', '由 怀海商城 发货，并提供售后服务', '53%vol', '贵州大曲（戊戌狗年）53%vol 2.5L', '2.5L', '贵州大曲', '2', 1550000000000, 99, 1),
(19, 7, 19, '贵州大曲酒', '70年代', '1088.00', '由 怀海商城 发货，并提供售后服务', '53%vol', '贵州大曲70年代 53%vol 500ml', '500ml', '贵州大曲', '2', 1550000000000, 55, 1),
(20, 7, 20, '贵州大曲酒', '80年代（金酱）', '1188.00', '由 怀海商城 发货，并提供售后服务', '53%vol', '贵州大曲80年代（金酱）53%vol 500ml', '500ml', '贵州大曲', '2', 1550000000000, 66, 1),
(21, 8, 21, '茅台醇酒', '1992', '1888.00', '由 怀海商城 发货，并提供售后服务', '53%vol', '茅台醇（1992）53%vol 500ml', '500ml', '茅台醇', '3', 1550000000000, 22, 1),
(22, 8, 22, '茅台醇酒', '1998', '1666.00', '由 怀海商城 发货，并提供售后服务', '53%vol', '茅台醇（1998）53%vol 500ml', '500ml', '茅台醇', '3', 1550000000000, 33, 1),
(23, 8, 23, '茅台醇酒', '2008', '1222.00', '由 怀海商城 发货，并提供售后服务', '53%vol', '茅台醇（2008）53%vol 500ml', '500ml', '茅台醇', '3', 1550000000000, 55, 1),
(24, 8, 24, '茅台醇酒', '丁酉鸡年', '2888.00', '由 怀海商城 发货，并提供售后服务', '53%vol', '茅台醇（丁酉鸡年）53%vol 500ml', '500ml', '茅台醇', '3', 1550000000000, 66, 1),
(25, 9, 25, '赖茅酒', '传承', '888.00', '由 怀海商城 发货，并提供售后服务', '53%vol', '赖茅酒（传承）53%vol 500ml', '500ml', '赖茅酒', '3', 1555000000000, 11, 1),
(26, 9, 26, '赖茅酒', '红御', '999.00', '由 怀海商城 发货，并提供售后服务', '53%vol', '赖茅酒（红御）53%vol 500ml', '500ml', '赖茅酒', '3', 1550000000000, 22, 1),
(27, 9, 27, '赖茅酒', '乙亥猪年', '1999.00', '由 怀海商城 发货，并提供售后服务', '53%vol', '赖茅酒（己亥猪年）53%vol 500ml', '500ml', '赖茅酒', '3', 1550000000000, 33, 1),
(28, 9, 28, '赖茅酒', '金樽', '2999.00', '由 怀海商城 发货，并提供售后服务', '53%vol', '赖茅酒（金樽）53%vol 500ml', '500ml', '赖茅酒', '3', 1550000000000, 12, 1),
(29, 9, 29, '赖茅酒', '戊戌狗年', '1888.00', '由 怀海商城 发货，并提供售后服务', '53%vol', '赖茅酒（戊戌狗年）53%vol 500ml', '500ml', '赖茅酒', '3', 1550000000000, 21, 1),
(30, 10, 30, '茅台迎宾酒', '国博十二生肖酒', '5666.00', '由 怀海商城 发货，并提供售后服务', '53%vol', '国博十二生肖酒53%vol 500ml*12', '500ml', '茅台迎宾酒', '4', 1550000000000, 22, 1),
(31, 10, 31, '茅台迎宾酒', '2013款', '666.00', '由 怀海商城 发货，并提供售后服务', '53%vol', '茅台迎宾酒（2013款）53%vol 500ml', '500ml', '茅台迎宾酒', '4', 1550000000000, 33, 1),
(32, 10, 32, '茅台迎宾酒', '嘉宾级', '999.00', '由 怀海商城 发货，并提供售后服务', '53%vol', '茅台迎宾酒（嘉宾级）53%vol 500ml', '500ml', '茅台迎宾酒', '4', 1550000000000, 11, 1),
(33, 10, 33, '茅台迎宾酒', '迎宾酒', '166.00', '由 怀海商城 发货，并提供售后服务', '53%vol', '茅台迎宾酒43%vol 500ml', '500ml', '茅台迎宾酒', '4', 1550000000000, 22, 1),
(34, 11, 34, '悠蜜酒', 'U味蓝莓酒', '559.00', '由 怀海商城 发货，并提供售后服务', '6%vol', '悠蜜 U味蓝莓酒 6%vol 200ml（单只装，可选口味）', '200ml', '悠蜜', '4', 1550000000000, 33, 1),
(35, 11, 35, '悠蜜蓝莓酒欢乐颂定制版', '女神珍藏版', '8888.00', '由 怀海商城 发货，并提供售后服务', '8%vol', '悠蜜蓝莓酒欢乐颂定制版 女神珍藏版8%vol 275ml*3', '275ml', '悠蜜', '4', 1550000000000, 88, 1),
(36, 11, 36, '悠蜜蓝莓酒欢乐颂定制版', '女王尊享版', '9999.00', '由 怀海商城 发货，并提供售后服务', '12%vol', '悠蜜蓝莓酒欢乐颂定制版 女王尊享版12%vol 275ml*3', '275ml', '悠蜜', '4', 1550000000000, 55, 1),
(37, 11, 37, '悠蜜', '十二', '199.00', '由 怀海商城 发货，并提供售后服务', '15%vol', '悠蜜十二15%vol 375ml单支礼盒装', '375ml', '悠蜜', '4', 1550000000000, 22, 1),
(38, 12, 38, '茅台不老酒', '炫系列（橙）', '126.00', '由 怀海商城 发货，并提供售后服务', '46%vol', '茅台不老酒 炫系列（橙）46%vol 125ml*7礼盒装', '125ml', '茅台不老酒', '4', 1550000000000, 32, 1),
(39, 12, 39, '茅台不老酒', '炫系列（赤）', '128.00', '由 怀海商城 发货，并提供售后服务', '46%vol', '茅台不老酒 炫系列（赤）46%vol 125ml*7礼盒装', '125ml', '茅台不老酒', '4', 1550000000000, 89, 1),
(40, 12, 40, '茅台不老酒', '炫系列（蓝）', '158.00', '由 怀海商城 发货，并提供售后服务', '46%vol', '茅台不老酒 炫系列（蓝）46%vol 125ml*7礼盒装', '125ml', '茅台不老酒', '4', 1550000000000, 99, 1),
(41, 12, 41, '茅台不老酒', '炫系列（绿）', '168.00', '由 怀海商城 发货，并提供售后服务', '46%vol', '茅台不老酒 炫系列（绿）46%vol 125ml*7礼盒装', '125ml', '茅台不老酒', '5', 1550000000000, 66, 1),
(42, 12, 42, '茅台不老酒', '炫系列（青）', '188.00', '由 怀海商城 发货，并提供售后服务', '46%vol', '茅台不老酒 炫系列（青）46%vol 125ml*7礼盒装', '125ml', '茅台不老酒', '5', 1550000000000, 33, 1),
(43, 12, 43, '茅台不老酒', '炫系列（紫）', '198.00', '由 怀海商城 发货，并提供售后服务', '46%vol', '茅台不老酒 炫系列（紫）46%vol 125ml*7礼盒装', '125ml', '茅台不老酒', '5', 1550000000000, 11, 1),
(44, 12, 44, '茅台不老酒', '搏（白）', '208.00', '由 怀海商城 发货，并提供售后服务', '53%vol', '茅台不老酒搏（白）53%vol 500ml', '500ml', '茅台不老酒', '5', 1550000000000, 21, 1),
(45, 12, 45, '茅台不老酒', '搏（黄）', '308.00', '由 怀海商城 发货，并提供售后服务', '53%vol', '茅台不老酒搏（黄）53%vol 500ml', '500ml', '茅台不老酒', '5', 1550000000000, 33, 1),
(46, 13, 46, '茅台王子酒', '王子酒', '218.00', '由 怀海商城 发货，并提供售后服务', '46%vol', '茅台王子酒 46%vol 500ml', '500ml', '茅台王子酒', '5', 1550000000000, 89, 1),
(47, 13, 47, '茅台王子酒', '王子酒', '318.00', '由 怀海商城 发货，并提供售后服务', '53%vol', '茅台王子酒 53%vol 500ml', '500ml', '茅台王子酒', '5', 1550000000000, 88, 1),
(48, 13, 48, '茅台王子酒', '传承1999', '518.00', '由 怀海商城 发货，并提供售后服务', '53%vol', '茅台王子酒（传承1999）53%vol500ml', '500ml', '茅台王子酒', '5', 1550000000000, 22, 1),
(49, 13, 49, '茅台王子酒', '传承2000', '388.00', '由 怀海商城 发货，并提供售后服务', '53%vol', '茅台王子酒（传承2000）53%vol 500ml', '500ml', '茅台王子酒', '5', 1550000000000, 33, 1),
(50, 13, 50, '茅台王子酒', '酱门经典', '618.00', '由 怀海商城 发货，并提供售后服务', '53%vol', '茅台王子酒（酱门经典）53%vol 500ml', '500ml', '茅台王子酒', '5', 1550000000000, 66, 1),
(51, 13, 51, '茅台王子酒', '酱色', '528.00', '由 怀海商城 发货，并提供售后服务', '53%vol', '茅台王子酒（酱色）53%vol 500ml', '500ml', '茅台王子酒', '6', 1550000000000, 98, 1),
(52, 13, 52, '茅台王子酒', '酱香经典', '628.00', '由 怀海商城 发货，并提供售后服务', '53%vol', '茅台王子酒（酱香经典）53%vol 500ml', '500ml', '茅台王子酒', '6', 1550000000000, 99, 1),
(53, 13, 53, '茅台王子酒', '金王子', '888.00', '由 怀海商城 发货，并提供售后服务', '53%vol', '茅台王子酒（金王子）53%vol 500ml', '500ml', '茅台王子酒', '6', 1550000000000, 12, 1),
(54, 13, 54, '茅台王子酒', '戊戌狗年', '999.00', '由 怀海商城 发货，并提供售后服务', '53%vol', '茅台王子酒（戊戌狗年）53%vol 500ml', '500ml', '茅台王子酒', '6', 1550000000000, 22, 1),
(55, 14, 55, '茅台干红葡萄酒', '单支', '308.00', '由 怀海商城 发货，并提供售后服务', '12%vol', '茅台干红葡萄酒（单支）12%vol 750ml', '750ml', '葡萄酒', '6', 1550000000000, 66, 1),
(56, 14, 56, '茅台干红葡萄酒', '黑方', '308.00', '由 怀海商城 发货，并提供售后服务', '12%vol', '茅台干红葡萄酒（黑方）12%vol 750ml', '750ml', '葡萄酒', '6', 1550000000000, 88, 1),
(57, 14, 57, '茅台干红葡萄酒', '黑圆', '318.00', '由 怀海商城 发货，并提供售后服务', '12%vol', '茅台干红葡萄酒（黑圆）12%vol 750ml', '750ml', '葡萄酒', '6', 1550000000000, 99, 1),
(58, 14, 58, '茅台干红葡萄酒', '基蒂', '328.00', '由 怀海商城 发货，并提供售后服务', '13%vol', '茅台干红葡萄酒（基蒂）13%vol 750ml', '750ml', '葡萄酒', '6', 1550000000000, 36, 1),
(59, 14, 59, '茅台干红葡萄酒', '蓝波特', '338.00', '由 怀海商城 发货，并提供售后服务', '13%vol', '茅台干红葡萄酒（蓝波特）13%vol 750ml', '750ml', '葡萄酒', '6', 1550000000000, 56, 1),
(60, 14, 60, '茅台干红葡萄酒', '特选级', '358.00', '由 怀海商城 发货，并提供售后服务', '12%vol', '茅台干红葡萄酒（特选级）12%vol 750ml', '750ml', '葡萄酒', '6', 1550000000000, 21, 1),
(61, 14, 61, '茅台干红葡萄酒', '闻鸡起舞', '368.00', '由 怀海商城 发货，并提供售后服务', '13%vol', '茅台干红葡萄酒（闻鸡起舞）13%vol 750ml', '750ml', '葡萄酒', '7', 1550000000000, 33, 1),
(62, 14, 62, '茅台干红葡萄酒', '戊戌狗年', '389.00', '由 怀海商城 发货，并提供售后服务', '13%vol', '茅台干红葡萄酒（戊戌狗年）13%vol 750ml', '750ml', '葡萄酒', '7', 1550000000000, 98, 1),
(63, 14, 63, '茅台干红葡萄酒', '小玉龙', '388.00', '由 怀海商城 发货，并提供售后服务', '12%vol', '茅台干红葡萄酒（小玉龙）12%vol 249ml*6支礼盒装', '249ml', '葡萄酒', '7', 1550000000000, 68, 1),
(64, 14, 64, '茅台干红葡萄酒', '珍藏级', '588.00', '由 怀海商城 发货，并提供售后服务', '12%vol', '茅台干红葡萄酒（珍藏级）12%vol 750ml', '750ml', '葡萄酒', '7', 1550000000000, 69, 1),
(65, 14, 65, '茅台国韵', '红葡萄酒', '688.00', '由 怀海商城 发货，并提供售后服务', '11%vol', '茅台国韵红葡萄酒11%vol 750ml', '750ml', '葡萄酒', '7', 1550000000000, 93, 1),
(66, 14, 66, '茅台莎当妮', '干白葡萄酒', '699.00', '由 怀海商城 发货，并提供售后服务', '12%vol', '茅台莎当妮干白葡萄酒12%vol 750ml', '750ml', '葡萄酒', '7', 1550000000000, 86, 1),
(67, 14, 67, '茅台喜庆红葡萄酒', '红', '666.00', '由 怀海商城 发货，并提供售后服务', '11%vol', '茅台喜庆红葡萄酒（红）11%vol 750ml', '750ml', '葡萄酒', '7', 1550000000000, 69, 1),
(68, 14, 68, '茅台喜庆红葡萄酒', '蓝', '999.00', '由 怀海商城 发货，并提供售后服务', '11%vol', '茅台喜庆红葡萄酒（蓝）11%vol 750ml', '750ml', '葡萄酒', '7', 1550000000000, 58, 1),
(69, 15, 69, '贵州茅台酒', '白色条装', '110888.00', '由 怀海商城 发货，并提供售后服务', '53%vol', '贵州茅台酒（白色条装）53%vol 50ml*5', '50ml', '贵州茅台酒', '7', 1550000000000, 68, 1),
(70, 15, 70, '贵州茅台酒', '大号木珍', '3688.00', '由 怀海商城 发货，并提供售后服务', '53%vol', '贵州茅台酒（大号木珍）53%vol 500ml', '500ml', '贵州茅台酒', '7', 1550000000000, 59, 1),
(71, 15, 71, '贵州茅台酒', '浮雕木珍', '5399.00', '由 怀海商城 发货，并提供售后服务', '53%vol', '贵州茅台酒（浮雕木珍）53%vol 500ml', '500ml', '贵州茅台酒', '8', 1550000000000, 69, 1),
(72, 15, 72, '贵州茅台酒', '豪华降装', '3689.00', '由 怀海商城 发货，并提供售后服务', '53%vol', '贵州茅台酒（豪华绛装）53%vol 500ml', '500ml', '贵州茅台酒', '8', 1550000000000, 23, 1),
(73, 15, 73, '贵州茅台酒', '豪华金装', '3999.00', '由 怀海商城 发货，并提供售后服务', '53%vol', '贵州茅台酒（豪华金装）53%vol 500ml', '500ml', '贵州茅台酒', '8', 1550000000000, 88, 1),
(74, 15, 74, '贵州茅台酒', '金色条装', '266999.00', '由 怀海商城 发货，并提供售后服务', '53%vol', '贵州茅台酒（金色条装）53%vol 50ml*5', '50ml', '贵州茅台酒', '8', 1550000000000, 38, 1),
(75, 15, 75, '贵州茅台酒', '小号木珍', '1899.00', '由 怀海商城 发货，并提供售后服务', '53%vol', '贵州茅台酒（小号木珍）53%vol 500ml', '500ml', '贵州茅台酒', '8', 1550000000000, 38, 1),
(76, 15, 76, '贵州茅台酒', '新飞天', '1889.00', '由 怀海商城 发货，并提供售后服务', '43%vol', '贵州茅台酒（新飞天）43%vol 500ml', '500ml', '贵州茅台酒', '8', 1550000000000, 98, 1),
(77, 15, 77, '贵州茅台酒', '中号木珍', '2668.00', '由 怀海商城 发货，并提供售后服务', '53%vol', '贵州茅台酒（中号木珍）53%vol 500ml', '500ml', '贵州茅台酒', '8', 1550000000000, 19, 1),
(78, 15, 78, '贵州茅台酒', '紫砂纸珍', '88888.00', '由 怀海商城 发货，并提供售后服务', '53%vol', '贵州茅台酒（紫砂纸珍）53%vol 500ml', '500ml', '贵州茅台酒', '8', 1550000000000, 9, 1),
(79, 15, 79, '贵州茅台酒', '15年', '666669.00', '由 怀海商城 发货，并提供售后服务', '53%vol', '贵州茅台酒15年53%vol 500ml', '500ml', '贵州茅台酒', '8', 1550000000000, 5, 1),
(80, 15, 80, '贵州茅台酒', '30年', '9999996.00', '由 怀海商城 发货，并提供售后服务', '53%vol', '贵州茅台酒30年53%vol 500ml', '500ml', '贵州茅台酒', '8', 1550000000000, 3, 1),
(81, 15, 81, '贵州茅台酒', '50年', '99999998.00', '由 怀海商城 发货，并提供售后服务', '53%vol', '贵州茅台酒50年53%vol 500ml', '500ml', '贵州茅台酒', '8', 1550000000000, 1, 1),
(82, 15, 82, '贵州茅台酒', '飞天', '16888.00', '由 怀海商城 发货，并提供售后服务', '53%vol', '贵州茅台酒飞天53%vol 200ml', '200ml', '贵州茅台酒', '8', 1550000000000, 21, 1),
(83, 15, 83, '贵州茅台酒', '飞天', '18999.00', '由 怀海商城 发货，并提供售后服务', '53%vol', '贵州茅台酒飞天53%vol 375ml', '375ml', '贵州茅台酒', '8', 1550000000000, 18, 1),
(84, 15, 84, '贵州茅台酒', '五星', '55555559.00', '由 怀海商城 发货，并提供售后服务', '53%vol', '贵州茅台酒五星53%vol 500ml', '500ml', '贵州茅台酒', '8', 1550000000000, 2, 1),
(85, 16, 85, '方品', '习酱', '268.00', '由 怀海商城 发货，并提供售后服务', '53%vol', '方品 习酱 53%vol 500ml', '500ml', '习酒', '9', 1550000000000, 23, 1),
(86, 16, 86, '方品', '习酒', '368.00', '由 怀海商城 发货，并提供售后服务', '53%vol', '方品 习酒 53%vol 500ml', '500ml', '习酒', '9', 1550000000000, 65, 1),
(87, 16, 87, '红', '习酱', '328.00', '由 怀海商城 发货，并提供售后服务', '53%vol', '红 习酱 53%vol 500ml', '500ml', '习酒', '9', 1550000000000, 88, 1),
(88, 16, 88, '红', '习酒', '268.00', '由 怀海商城 发货，并提供售后服务', '53%vol', '红 习酒 53%vol 500ml', '500ml', '习酒', '9', 1550000000000, 99, 1),
(89, 16, 89, '金典', '习酒', '356.00', '由 怀海商城 发货，并提供售后服务', '53%vol', '金典 习酒 53%vol 500ml', '500ml', '习酒', '9', 1550000000000, 68, 1),
(90, 16, 90, '金品', '习酒', '558.00', '由 怀海商城 发货，并提供售后服务', '53%vol', '金品 习酒 53%vol 500ml', '500ml', '习酒', '9', 1550000000000, 45, 1),
(91, 16, 90, '金质', '习酒', '889.00', '由 怀海商城 发货，并提供售后服务', '53%vol', '金质 习酒 53%vol 500ml', '500ml', '习酒', '9', 1550000000000, 32, 1),
(92, 16, 92, '老', '习酒', '668.00', '由 怀海商城 发货，并提供售后服务', '53%vol', '老 习酒 53%vol 500ml', '500ml', '习酒', '9', 1550000000000, 99, 1),
(93, 16, 93, '十年', '五星习酒', '998.00', '由 怀海商城 发货，并提供售后服务', '52%vol', '十年五星习酒 52%vol 500ml', '500ml', '习酒', '9', 1550000000000, 12, 1),
(94, 16, 94, '十五年', '五星习酒', '6098.00', '由 怀海商城 发货，并提供售后服务', '52%vol', '十五年五星习酒 52%vol 500ml', '500ml', '习酒', '9', 1550000000000, 63, 1),
(95, 16, 95, '习酒', '123干', '108.00', '由 怀海商城 发货，并提供售后服务', '52%vol', '习酒 123干 52%vol 500ml', '500ml', '习酒', '10', 1550000000000, 98, 1),
(96, 16, 96, '习酒', '福禧', '309.00', '由 怀海商城 发货，并提供售后服务', '53%vol', '习酒 福禧 53%vol 500ml', '500ml', '习酒', '10', 1550000000000, 21, 1),
(97, 16, 97, '习酒', '窖藏1988', '1008.00', '由 怀海商城 发货，并提供售后服务', '53%vol', '习酒 窖藏1988 53%vol 500ml', '500ml', '习酒', '10', 1550000000000, 56, 1),
(98, 16, 98, '习酒', '窖藏1988 雅致版', '2008.00', '由 怀海商城 发货，并提供售后服务', '53%vol', '习酒 窖藏1988 雅致版 53%vol 500ml', '500ml', '习酒', '10', 1550000000000, 83, 1),
(99, 16, 99, '习酒', '窖藏1988（君品菊）', '3009.00', '由 怀海商城 发货，并提供售后服务', '53%vol', '习酒 窖藏1988（君品菊）53%vol 500ml', '500ml', '习酒', '10', 1550000000000, 82, 1),
(100, 16, 100, '习酒', '窖藏1988（君品兰）', '3009.00', '由 怀海商城 发货，并提供售后服务', '53%vol', '习酒 窖藏1988(君品兰) 53%vol 500ml', '500ml', '习酒', '10', 1550000000000, 66, 1),
(101, 16, 101, '习酒', '窖藏1988（君品梅）', '3009.00', '由 怀海商城 发货，并提供售后服务', '53%vol', '习酒 窖藏1988（君品梅）53%vol 500ml', '500ml', '习酒', '10', 1550000000000, 39, 1),
(102, 16, 102, '习酒', '窖藏1988（君品竹）', '3009.00', '由 怀海商城 发货，并提供售后服务', '53%vol', '习酒 窖藏1988（君品竹）53%vol 500ml', '500ml', '习酒', '10', 1550000000000, 23, 1),
(103, 16, 103, '习酒', '窖藏1988（君子四品）', '12369.00', '由 怀海商城 发货，并提供售后服务', '53%vol', '习酒 窖藏1988(君子四品) 53%vol 500ml', '500ml', '习酒', '10', 1550000000000, 38, 1),
(104, 16, 104, '习酒', '窖藏1988（珍品）', '5018.00', '由 怀海商城 发货，并提供售后服务', '53%vol', '习酒 窖藏1988(珍品) 53%vol 500ml', '500ml', '习酒', '11', 1550000000000, 12, 1),
(105, 16, 105, '习酒', '窖藏1998', '3008.00', '由 怀海商城 发货，并提供售后服务', '53%vol', '习酒 窖藏1998 53%vol 500ml', '500ml', '习酒', '11', 1550000000000, 25, 1),
(106, 16, 106, '习酒', '窖藏1998（红盒）', '3218.00', '由 怀海商城 发货，并提供售后服务', '53%vol', '习酒 窖藏1998(红盒) 53%vol 500ml', '500ml', '习酒', '11', 1550000000000, 92, 1),
(107, 16, 107, '习酒', '窖藏十年 龙凤献瑞', '3999.00', '由 怀海商城 发货，并提供售后服务', '53%vol', '习酒 窖藏十年 龙凤献瑞 53%vol 500ml', '500ml', '习酒', '11', 1550000000000, 13, 1),
(108, 16, 108, '习酒', '铭钻', '106.00', '由 怀海商城 发货，并提供售后服务', '52%vol', '习酒 铭钻 52%vol 500ml', '500ml', '习酒', '11', 1550000000000, 63, 1),
(109, 16, 109, '习酒', '双喜', '109.00', '由 怀海商城 发货，并提供售后服务', '53%vol', '习酒 双喜 53%vol 520ml', '520ml', '习酒', '11', 1550000000000, 25, 1),
(110, 16, 110, '习酒', '印象贵州（蓝色）', '5898.00', '由 怀海商城 发货，并提供售后服务', '53%vol', '习酒 印象贵州（蓝色）53%vol 500ml', '500ml', '习酒', '12', 1550000000000, 12, 1),
(111, 16, 111, '习酒', '印象遵义（红色）', '5068.00', '由 怀海商城 发货，并提供售后服务', '52%vol', '习酒 印象遵义（红色）52%vol 500ml', '500ml', '习酒', '12', 1550000000000, 89, 1),
(112, 16, 112, '习酒', '窖藏1988（10年）', '3668.00', '由 怀海商城 发货，并提供售后服务', '53%vol', '习酒·窖藏1988 10年 53%vol 500ml', '500ml', '习酒', '12', 1550000000000, 63, 1),
(113, 16, 113, '习酒', '窖藏1988（15年）', '5888.00', '由 怀海商城 发货，并提供售后服务', '53%vol', '习酒·窖藏1988 15年 53%vol 500ml', '500ml', '习酒', '12', 1550000000000, 63, 1),
(114, 16, 114, '习酒', '窖藏1988（30年）', '9059.00', '由 怀海商城 发货，并提供售后服务', '53%vol', '习酒·窖藏1988 30年 53%vol 500ml', '500ml', '习酒', '12', 1550000000000, 66, 1),
(115, 16, 115, '习酒', '习水特曲特3', '119.00', '由 怀海商城 发货，并提供售后服务', '52%vol', '习水特曲特3 52%vol 500ml', '500ml', '习酒', '12', 1550000000000, 36, 1),
(116, 16, 116, '习酒', '习水特曲特6', '158.00', '由 怀海商城 发货，并提供售后服务', '52%vol', '习水特曲特6 52%vol 500ml', '500ml', '习酒', '12', 1550000000000, 90, 1),
(117, 16, 117, '银质', '习酒', '209.00', '由 怀海商城 发货，并提供售后服务', '53%vol', '银质 习酒 53%vol 500ml', '500ml', '习酒', '12', 1550000000000, 92, 1);

-- --------------------------------------------------------

--
-- 表的结构 `hh_wine_family`
--

DROP TABLE IF EXISTS `hh_wine_family`;
CREATE TABLE IF NOT EXISTS `hh_wine_family` (
  `fid` int(11) NOT NULL AUTO_INCREMENT,
  `fname` varchar(32) DEFAULT NULL,
  PRIMARY KEY (`fid`)
) ENGINE=InnoDB AUTO_INCREMENT=17 DEFAULT CHARSET=utf8;

--
-- 转存表中的数据 `hh_wine_family`
--

INSERT INTO `hh_wine_family` (`fid`, `fname`) VALUES
(1, '仁酒'),
(2, '汉酱'),
(3, '黔茅'),
(4, '健将世家'),
(5, '白金酒'),
(6, '粲酒'),
(7, '贵州大曲'),
(8, '茅台醇'),
(9, '赖茅酒'),
(10, '茅台迎宾酒'),
(11, '悠蜜'),
(12, '茅台不老酒'),
(13, '茅台王子酒'),
(14, '葡萄酒'),
(15, '贵州茅台酒'),
(16, '习酒');

-- --------------------------------------------------------

--
-- 表的结构 `hh_wine_pic`
--

DROP TABLE IF EXISTS `hh_wine_pic`;
CREATE TABLE IF NOT EXISTS `hh_wine_pic` (
  `pid` int(11) NOT NULL AUTO_INCREMENT,
  `wid` int(11) DEFAULT NULL,
  `sm` varchar(128) DEFAULT NULL,
  `md` varchar(128) DEFAULT NULL,
  `lg` varchar(128) DEFAULT NULL,
  PRIMARY KEY (`pid`)
) ENGINE=InnoDB AUTO_INCREMENT=536 DEFAULT CHARSET=utf8;

--
-- 转存表中的数据 `hh_wine_pic`
--

INSERT INTO `hh_wine_pic` (`pid`, `wid`, `sm`, `md`, `lg`) VALUES
(1, 1, 'product/ren/renjiu/JFyPc6Ncwe.jpg', 'product/ren/renjiu/JFyPc6Ncwe1.jpg', 'product/ren/renjiu/JFyPc6Ncwe2.jpg'),
(2, 1, 'product/ren/renjiu/nWEWwKSpAk.jpg', 'product/ren/renjiu/nWEWwKSpAk1.jpg', 'product/ren/renjiu/nWEWwKSpAk2.jpg'),
(3, 1, 'product/ren/renjiu/W3MPhSpYNE.jpg', 'product/ren/renjiu/W3MPhSpYNE1.jpg', 'product/ren/renjiu/W3MPhSpYNE2.jpg'),
(4, 1, 'product/ren/renjiu/WdpnGXzZZD.jpg', 'product/ren/renjiu/WdpnGXzZZD1.jpg', 'product/ren/renjiu/WdpnGXzZZD2.jpg'),
(5, 1, 'product/ren/renjiu/ZQJTW7s7pX.jpg', 'product/ren/renjiu/ZQJTW7s7pX1.jpg', 'product/ren/renjiu/ZQJTW7s7pX2.jpg'),
(6, 2, 'product/han/hanjiang_lan/GX5FSptS8G.jpg', 'product/han/hanjiang_lan/GX5FSptS8G1.jpg', 'product/han/hanjiang_lan/GX5FSptS8G2.jpg'),
(7, 2, 'product/han/hanjiang_lan/mkYep827T3.jpg', 'product/han/hanjiang_lan/mkYep827T31.jpg', 'product/han/hanjiang_lan/mkYep827T32.jpg'),
(8, 2, 'product/han/hanjiang_lan/MZTWnjRXbt.jpg', 'product/han/hanjiang_lan/MZTWnjRXbt1.jpg', 'product/han/hanjiang_lan/MZTWnjRXbt2.jpg'),
(9, 2, 'product/han/hanjiang_lan/rhjXxyATfx.jpg', 'product/han/hanjiang_lan/rhjXxyATfx1.jpg', 'product/han/hanjiang_lan/rhjXxyATfx2.jpg'),
(10, 3, 'product/han/hanjiang/CNxSDtfGnt.jpg', 'product/han/hanjiang/CNxSDtfGnt1.jpg', 'product/han/hanjiang/CNxSDtfGnt2.jpg'),
(11, 3, 'product/han/hanjiang/ept8DrQijt.jpg', 'product/han/hanjiang/ept8DrQijt1.jpg', 'product/han/hanjiang/ept8DrQijt2.jpg'),
(12, 3, 'product/han/hanjiang/Q2MXQPpBwT.jpg', 'product/han/hanjiang/Q2MXQPpBwT1.jpg', 'product/han/hanjiang/Q2MXQPpBwT2.jpg'),
(13, 3, 'product/han/hanjiang/wWfsF4CnZn.jpg', 'product/han/hanjiang/wWfsF4CnZn1.jpg', 'product/han/hanjiang/wWfsF4CnZn2.jpg'),
(14, 3, 'product/han/hanjiang/YtyHcafAWe.jpg', 'product/han/hanjiang/YtyHcafAWe1.jpg', 'product/han/hanjiang/YtyHcafAWe2.jpg'),
(15, 4, 'product/qian/qian_hong/4emxWEjGFK.jpg', 'product/qian/qian_hong/4emxWEjGFK1.jpg', 'product/qian/qian_hong/4emxWEjGFK2.jpg'),
(16, 4, 'product/qian/qian_hong/fpSk7aipa7.jpg', 'product/qian/qian_hong/fpSk7aipa71.jpg', 'product/qian/qian_hong/fpSk7aipa72.jpg'),
(17, 4, 'product/qian/qian_hong/KQywriRa5K.jpg', 'product/qian/qian_hong/KQywriRa5K1.jpg', 'product/qian/qian_hong/KQywriRa5K2.jpg'),
(18, 4, 'product/qian/qian_hong/Nm8SMMfNYH.jpg', 'product/qian/qian_hong/Nm8SMMfNYH1.jpg', 'product/qian/qian_hong/Nm8SMMfNYH2.jpg'),
(19, 4, 'product/qian/qian_hong/Pm4FiQDx4d.jpg', 'product/qian/qian_hong/Pm4FiQDx4d1.jpg', 'product/qian/qian_hong/Pm4FiQDx4d2.jpg'),
(20, 5, 'product/qian/qian_huang/2Sfr88f6Tz.jpg', 'product/qian/qian_huang/2Sfr88f6Tz1.jpg', 'product/qian/qian_huang/2Sfr88f6Tz2.jpg'),
(21, 5, 'product/qian/qian_huang/bbt6bYi3Hr.jpg', 'product/qian/qian_huang/bbt6bYi3Hr1.jpg', 'product/qian/qian_huang/bbt6bYi3Hr2.jpg'),
(22, 5, 'product/qian/qian_huang/D6p2ypf2XH.jpg', 'product/qian/qian_huang/D6p2ypf2XH1.jpg', 'product/qian/qian_huang/D6p2ypf2XH2.jpg'),
(23, 5, 'product/qian/qian_huang/RisNxmz4fH.jpg', 'product/qian/qian_huang/RisNxmz4fH1.jpg', 'product/qian/qian_huang/RisNxmz4fH2.jpg'),
(24, 5, 'product/qian/qian_huang/tFF38PQPny.jpg', 'product/qian/qian_huang/tFF38PQPny1.jpg', 'product/qian/qian_huang/tFF38PQPny2.jpg'),
(25, 6, 'product/qian/qian_lan/FSjTiwkpZZ.jpg', 'product/qian/qian_lan/FSjTiwkpZZ1.jpg', 'product/qian/qian_lan/FSjTiwkpZZ2.jpg'),
(26, 6, 'product/qian/qian_lan/JTtaJm5Rc6.jpg', 'product/qian/qian_lan/JTtaJm5Rc61.jpg', 'product/qian/qian_lan/JTtaJm5Rc62.jpg'),
(27, 6, 'product/qian/qian_lan/s5yyh72KG5.jpg', 'product/qian/qian_lan/s5yyh72KG51.jpg', 'product/qian/qian_lan/s5yyh72KG52.jpg'),
(28, 6, 'product/qian/qian_lan/YHPdjijTxT.jpg', 'product/qian/qian_lan/YHPdjijTxT1.jpg', 'product/qian/qian_lan/YHPdjijTxT2.jpg'),
(29, 6, 'product/qian/qian_lan/YscQQtZnc4.jpg', 'product/qian/qian_lan/YscQQtZnc41.jpg', 'product/qian/qian_lan/YscQQtZnc42.jpg'),
(30, 7, 'product/jian/jiang_jun/EW2iAibzpM.jpg', 'product/jian/jiang_jun/EW2iAibzpM1.jpg', 'product/jian/jiang_jun/EW2iAibzpM2.jpg'),
(31, 7, 'product/jian/jiang_jun/PZ53mSZRsC.jpg', 'product/jian/jiang_jun/PZ53mSZRsC1.jpg', 'product/jian/jiang_jun/PZ53mSZRsC2.jpg'),
(32, 7, 'product/jian/jiang_jun/r7tHxRycE5.jpg', 'product/jian/jiang_jun/r7tHxRycE51.jpg', 'product/jian/jiang_jun/r7tHxRycE52.jpg'),
(33, 7, 'product/jian/jiang_jun/T6FnEYAjXd.jpg', 'product/jian/jiang_jun/T6FnEYAjXd1.jpg', 'product/jian/jiang_jun/T6FnEYAjXd2.jpg'),
(34, 7, 'product/jian/jiang_jun/y4dtYxzrmH.jpg', 'product/jian/jiang_jun/y4dtYxzrmH1.jpg', 'product/jian/jiang_jun/y4dtYxzrmH2.jpg'),
(35, 8, 'product/jian/jiang_di/2jAtSYMsiE.jpg', 'product/jian/jiang_di/2jAtSYMsiE1.jpg', 'product/jian/jiang_di/2jAtSYMsiE2.jpg'),
(36, 8, 'product/jian/jiang_di/acM4icj4dE.jpg', 'product/jian/jiang_di/acM4icj4dE1.jpg', 'product/jian/jiang_di/acM4icj4dE2.jpg'),
(37, 8, 'product/jian/jiang_di/iAxTN5dEZm.jpg', 'product/jian/jiang_di/iAxTN5dEZm1.jpg', 'product/jian/jiang_di/iAxTN5dEZm2.jpg'),
(38, 8, 'product/jian/jiang_di/mdRCKGhPYH.jpg', 'product/jian/jiang_di/mdRCKGhPYH1.jpg', 'product/jian/jiang_di/mdRCKGhPYH2.jpg'),
(39, 8, 'product/jian/jiang_di/Rxbh8DcmxW.jpg', 'product/jian/jiang_di/Rxbh8DcmxW1.jpg', 'product/jian/jiang_di/Rxbh8DcmxW2.jpg'),
(40, 9, 'product/jian/jiang_you/2jAtSYMsiE.jpg', 'product/jian/jiang_you/2jAtSYMsiE1.jpg', 'product/jian/jiang_you/2jAtSYMsiE2.jpg'),
(41, 9, 'product/jian/jiang_you/acM4icj4dE.jpg', 'product/jian/jiang_you/acM4icj4dE1.jpg', 'product/jian/jiang_you/acM4icj4dE2.jpg'),
(42, 9, 'product/jian/jiang_you/iAxTN5dEZm.jpg', 'product/jian/jiang_you/iAxTN5dEZm1.jpg', 'product/jian/jiang_you/iAxTN5dEZm2.jpg'),
(43, 9, 'product/jian/jiang_you/mdRCKGhPYH.jpg', 'product/jian/jiang_you/mdRCKGhPYH1.jpg', 'product/jian/jiang_you/mdRCKGhPYH2.jpg'),
(44, 9, 'product/jian/jiang_you/Rxbh8DcmxW.jpg', 'product/jian/jiang_you/Rxbh8DcmxW1.jpg', 'product/jian/jiang_you/Rxbh8DcmxW2.jpg'),
(45, 10, 'product/bai/bai_a/asAHixNEEf.jpg', 'product/bai/bai_a/asAHixNEEf1.jpg', 'product/bai/bai_a/asAHixNEEf2.jpg'),
(46, 10, 'product/bai/bai_a/B36NsZACPd.jpg', 'product/bai/bai_a/B36NsZACPd1.jpg', 'product/bai/bai_a/B36NsZACPd2.jpg'),
(47, 10, 'product/bai/bai_a/JDtGm6ZtJn.jpg', 'product/bai/bai_a/JDtGm6ZtJn1.jpg', 'product/bai/bai_a/JDtGm6ZtJn2.jpg'),
(48, 10, 'product/bai/bai_a/Jr7YW7NYpz.jpg', 'product/bai/bai_a/Jr7YW7NYpz1.jpg', 'product/bai/bai_a/Jr7YW7NYpz2.jpg'),
(49, 10, 'product/bai/bai_a/WpEMrxdPN5.jpg', 'product/bai/bai_a/WpEMrxdPN51.jpg', 'product/bai/bai_a/WpEMrxdPN52.jpg'),
(50, 11, 'product/bai/bai_hong/8F6DijCmaA.jpg', 'product/bai/bai_hong/8F6DijCmaA1.jpg', 'product/bai/bai_hong/8F6DijCmaA2.jpg'),
(51, 11, 'product/bai/bai_hong/HpNDYDZWYc.jpg', 'product/bai/bai_hong/HpNDYDZWYc1.jpg', 'product/bai/bai_hong/HpNDYDZWYc2.jpg'),
(52, 11, 'product/bai/bai_hong/RbDBGzKtnp.jpg', 'product/bai/bai_hong/RbDBGzKtnp1.jpg', 'product/bai/bai_hong/RbDBGzKtnp2.jpg'),
(53, 11, 'product/bai/bai_hong/SbdErhPDDp.jpg', 'product/bai/bai_hong/SbdErhPDDp1.jpg', 'product/bai/bai_hong/SbdErhPDDp2.jpg'),
(54, 12, 'product/bai/bai_jin/eTGkzRY46m.jpg', 'product/bai/bai_jin/eTGkzRY46m1.jpg', 'product/bai/bai_jin/eTGkzRY46m2.jpg'),
(55, 12, 'product/bai/bai_jin/KpEjFJZFb4.jpg', 'product/bai/bai_jin/KpEjFJZFb41.jpg', 'product/bai/bai_jin/KpEjFJZFb42.jpg'),
(56, 12, 'product/bai/bai_jin/KRPfejeCKf.jpg', 'product/bai/bai_jin/KRPfejeCKf1.jpg', 'product/bai/bai_jin/KRPfejeCKf2.jpg'),
(57, 12, 'product/bai/bai_jin/xCXfD5ykXb.jpg', 'product/bai/bai_jin/xCXfD5ykXb1.jpg', 'product/bai/bai_jin/xCXfD5ykXb2.jpg'),
(58, 12, 'product/bai/bai_jin/Xwxiw8xb45.jpg', 'product/bai/bai_jin/Xwxiw8xb451.jpg', 'product/bai/bai_jin/Xwxiw8xb452.jpg'),
(59, 13, 'product/bai/bai_zhi/CPYGSWF83a.jpg', 'product/bai/bai_zhi/CPYGSWF83a1.jpg', 'product/bai/bai_zhi/CPYGSWF83a2.jpg'),
(60, 13, 'product/bai/bai_zhi/dhzx6nmw8w.jpg', 'product/bai/bai_zhi/dhzx6nmw8w1.jpg', 'product/bai/bai_zhi/dhzx6nmw8w2.jpg'),
(61, 13, 'product/bai/bai_zhi/jEW8BJydJd.jpg', 'product/bai/bai_zhi/jEW8BJydJd1.jpg', 'product/bai/bai_zhi/jEW8BJydJd2.jpg'),
(62, 13, 'product/bai/bai_zhi/mnF2E3N7zW.jpg', 'product/bai/bai_zhi/mnF2E3N7zW1.jpg', 'product/bai/bai_zhi/mnF2E3N7zW2.jpg'),
(63, 13, 'product/bai/bai_zhi/R4CphRMCh4.jpg', 'product/bai/bai_zhi/R4CphRMCh41.jpg', 'product/bai/bai_zhi/R4CphRMCh42.jpg'),
(64, 14, 'product/can/can_hun/3WGPNNXh2p.jpg', 'product/can/can_hun/3WGPNNXh2p1.jpg', 'product/can/can_hun/3WGPNNXh2p2.jpg'),
(65, 15, 'product/can/can_qing/nK5d5DGcc4.jpg', 'product/can/can_qing/nK5d5DGcc41.jpg', 'product/can/can_qing/nK5d5DGcc42.jpg'),
(66, 15, 'product/can/can_qing/tEWh6azzhx.jpg', 'product/can/can_qing/tEWh6azzhx1.jpg', 'product/can/can_qing/tEWh6azzhx2.jpg'),
(67, 16, 'product/gui/gui_dian/BEFM3rA8rH.jpg', 'product/gui/gui_dian/BEFM3rA8rH1.jpg', 'product/gui/gui_dian/BEFM3rA8rH2.jpg'),
(68, 16, 'product/gui/gui_dian/dGEWnHYFth.jpg', 'product/gui/gui_dian/dGEWnHYFth1.jpg', 'product/gui/gui_dian/dGEWnHYFth2.jpg'),
(69, 16, 'product/gui/gui_dian/JSeZfJnGWZ.jpg', 'product/gui/gui_dian/JSeZfJnGWZ1.jpg', 'product/gui/gui_dian/JSeZfJnGWZ2.jpg'),
(70, 16, 'product/gui/gui_dian/riMGkFWQ4e.jpg', 'product/gui/gui_dian/riMGkFWQ4e1.jpg', 'product/gui/gui_dian/riMGkFWQ4e2.jpg'),
(71, 16, 'product/gui/gui_dian/yYcjf6XHBp.jpg', 'product/gui/gui_dian/yYcjf6XHBp1.jpg', 'product/gui/gui_dian/yYcjf6XHBp2.jpg'),
(72, 17, 'product/gui/gui_zhu/C5rBPjjX72.jpg', 'product/gui/gui_zhu/C5rBPjjX721.jpg', 'product/gui/gui_zhu/C5rBPjjX722.jpg'),
(73, 17, 'product/gui/gui_zhu/cjwk2zzCjr.jpg', 'product/gui/gui_zhu/cjwk2zzCjr1.jpg', 'product/gui/gui_zhu/cjwk2zzCjr2.jpg'),
(74, 17, 'product/gui/gui_zhu/RmT7kFfrmh.jpg', 'product/gui/gui_zhu/RmT7kFfrmh1.jpg', 'product/gui/gui_zhu/RmT7kFfrmh2.jpg'),
(75, 17, 'product/gui/gui_zhu/Whkw6H2Jcb.jpg', 'product/gui/gui_zhu/Whkw6H2Jcb1.jpg', 'product/gui/gui_zhu/Whkw6H2Jcb2.jpg'),
(76, 17, 'product/gui/gui_zhu/XtrQQHay3y.jpg', 'product/gui/gui_zhu/XtrQQHay3y1.jpg', 'product/gui/gui_zhu/XtrQQHay3y2.jpg'),
(77, 18, 'product/gui/gui_gou/3spbKDTT8n.png', 'product/gui/gui_gou/3spbKDTT8n1.png', 'product/gui/gui_gou/3spbKDTT8n2.png'),
(78, 18, 'product/gui/gui_gou/ajhhzrHCyx.png', 'product/gui/gui_gou/ajhhzrHCyx1.png', 'product/gui/gui_gou/ajhhzrHCyx2.png'),
(79, 18, 'product/gui/gui_gou/eCmmHa8yBt.png', 'product/gui/gui_gou/eCmmHa8yBt1.png', 'product/gui/gui_gou/eCmmHa8yBt2.png'),
(80, 18, 'product/gui/gui_gou/j6RpwAG2pc.png', 'product/gui/gui_gou/j6RpwAG2pc1.png', 'product/gui/gui_gou/j6RpwAG2pc2.png'),
(81, 18, 'product/gui/gui_gou/tcxEDZpSJa.png', 'product/gui/gui_gou/tcxEDZpSJa1.png', 'product/gui/gui_gou/tcxEDZpSJa2.png'),
(82, 19, 'product/gui/gui_qi/2QWR3CwhpN.jpg', 'product/gui/gui_qi/2QWR3CwhpN1.jpg', 'product/gui/gui_qi/2QWR3CwhpN2.jpg'),
(83, 19, 'product/gui/gui_qi/EBM68WNyw5.jpg', 'product/gui/gui_qi/EBM68WNyw51.jpg', 'product/gui/gui_qi/EBM68WNyw52.jpg'),
(84, 19, 'product/gui/gui_qi/hTikWHyKsG.jpg', 'product/gui/gui_qi/hTikWHyKsG1.jpg', 'product/gui/gui_qi/hTikWHyKsG2.jpg'),
(85, 19, 'product/gui/gui_qi/JiXX3YFarP.jpg', 'product/gui/gui_qi/JiXX3YFarP1.jpg', 'product/gui/gui_qi/JiXX3YFarP2.jpg'),
(86, 19, 'product/gui/gui_qi/wRmcQ5NAXQ.jpg', 'product/gui/gui_qi/wRmcQ5NAXQ1.jpg', 'product/gui/gui_qi/wRmcQ5NAXQ2.jpg'),
(87, 20, 'product/gui/gui_jin/GGAHs6YYsh.jpg', 'product/gui/gui_jin/GGAHs6YYsh1.jpg', 'product/gui/gui_jin/GGAHs6YYsh2.jpg'),
(88, 20, 'product/gui/gui_jin/hN4PF6wZTe.jpg', 'product/gui/gui_jin/hN4PF6wZTe1.jpg', 'product/gui/gui_jin/hN4PF6wZTe2.jpg'),
(89, 20, 'product/gui/gui_jin/JaasPwzTEW.jpg', 'product/gui/gui_jin/JaasPwzTEW1.jpg', 'product/gui/gui_jin/JaasPwzTEW2.jpg'),
(90, 20, 'product/gui/gui_jin/S5sJPBeacE.jpg', 'product/gui/gui_jin/S5sJPBeacE1.jpg', 'product/gui/gui_jin/S5sJPBeacE2.jpg'),
(91, 20, 'product/gui/gui_jin/zZGtBX32Fm.jpg', 'product/gui/gui_jin/zZGtBX32Fm1.jpg', 'product/gui/gui_jin/zZGtBX32Fm2.jpg'),
(92, 21, 'product/tai/tai92/CEWjx6DBsp.jpg', 'product/tai/tai92/CEWjx6DBsp1.jpg', 'product/tai/tai92/CEWjx6DBsp2.jpg'),
(93, 21, 'product/tai/tai92/DPdxEAxMG4.jpg', 'product/tai/tai92/DPdxEAxMG41.jpg', 'product/tai/tai92/DPdxEAxMG42.jpg'),
(94, 21, 'product/tai/tai92/ebjwZ7QCQG.jpg', 'product/tai/tai92/ebjwZ7QCQG1.jpg', 'product/tai/tai92/ebjwZ7QCQG2.jpg'),
(95, 21, 'product/tai/tai92/jkEaanQFZT.jpg', 'product/tai/tai92/jkEaanQFZT1.jpg', 'product/tai/tai92/jkEaanQFZT2.jpg'),
(96, 21, 'product/tai/tai92/NyfXGsCNMQ.jpg', 'product/tai/tai92/NyfXGsCNMQ1.jpg', 'product/tai/tai92/NyfXGsCNMQ2.jpg'),
(97, 22, 'product/tai/tai98/cbtSyaNj5i.jpg', 'product/tai/tai98/cbtSyaNj5i1.jpg', 'product/tai/tai98/cbtSyaNj5i2.jpg'),
(98, 22, 'product/tai/tai98/CEW5BNP5KA.jpg', 'product/tai/tai98/CEW5BNP5KA1.jpg', 'product/tai/tai98/CEW5BNP5KA2.jpg'),
(99, 22, 'product/tai/tai98/eBKMQitrB8.jpg', 'product/tai/tai98/eBKMQitrB81.jpg', 'product/tai/tai98/eBKMQitrB82.jpg'),
(100, 22, 'product/tai/tai98/iSX8YbRSF3.jpg', 'product/tai/tai98/iSX8YbRSF31.jpg', 'product/tai/tai98/iSX8YbRSF32.jpg'),
(101, 22, 'product/tai/tai98/mibS3E7Z4S.jpg', 'product/tai/tai98/mibS3E7Z4S1.jpg', 'product/tai/tai98/mibS3E7Z4S2.jpg'),
(102, 23, 'product/tai/tai08/fp8XMeNEzS.jpg', 'product/tai/tai08/fp8XMeNEzS1.jpg', 'product/tai/tai08/fp8XMeNEzS2.jpg'),
(103, 23, 'product/tai/tai08/FPyrh7TGNB.jpg', 'product/tai/tai08/FPyrh7TGNB1.jpg', 'product/tai/tai08/FPyrh7TGNB2.jpg'),
(104, 23, 'product/tai/tai08/PZfkkiXrRT.jpg', 'product/tai/tai08/PZfkkiXrRT1.jpg', 'product/tai/tai08/PZfkkiXrRT2.jpg'),
(105, 23, 'product/tai/tai08/S5ztJXpM7B.jpg', 'product/tai/tai08/S5ztJXpM7B1.jpg', 'product/tai/tai08/S5ztJXpM7B2.jpg'),
(106, 23, 'product/tai/tai08/XFpyddPjwn.jpg', 'product/tai/tai08/XFpyddPjwn1.jpg', 'product/tai/tai08/XFpyddPjwn2.jpg'),
(107, 24, 'product/tai/tai_ji/8f2bYmKYjB.jpg', 'product/tai/tai_ji/8f2bYmKYjB1.jpg', 'product/tai/tai_ji/8f2bYmKYjB2.jpg'),
(108, 24, 'product/tai/tai_ji/CbbPz7FS6N.jpg', 'product/tai/tai_ji/CbbPz7FS6N1.jpg', 'product/tai/tai_ji/CbbPz7FS6N2.jpg'),
(109, 24, 'product/tai/tai_ji/jtBaFepCWG.jpg', 'product/tai/tai_ji/jtBaFepCWG1.jpg', 'product/tai/tai_ji/jtBaFepCWG2.jpg'),
(110, 24, 'product/tai/tai_ji/RdneY2zbw2.jpg', 'product/tai/tai_ji/RdneY2zbw21.jpg', 'product/tai/tai_ji/RdneY2zbw22.jpg'),
(111, 25, 'product/lai/lai_chuang/cQCe78hjPZ.jpg', 'product/lai/lai_chuang/cQCe78hjPZ1.jpg', 'product/lai/lai_chuang/cQCe78hjPZ2.jpg'),
(112, 25, 'product/lai/lai_chuang/ep2NPeZFKS.jpg', 'product/lai/lai_chuang/ep2NPeZFKS1.jpg', 'product/lai/lai_chuang/ep2NPeZFKS2.jpg'),
(113, 25, 'product/lai/lai_chuang/S54XAxJWdF.jpg', 'product/lai/lai_chuang/S54XAxJWdF1.jpg', 'product/lai/lai_chuang/S54XAxJWdF2.jpg'),
(114, 25, 'product/lai/lai_chuang/xZKSRbtpkF.jpg', 'product/lai/lai_chuang/xZKSRbtpkF1.jpg', 'product/lai/lai_chuang/xZKSRbtpkF2.jpg'),
(115, 25, 'product/lai/lai_chuang/Z2nZCkt3Ac.jpg', 'product/lai/lai_chuang/Z2nZCkt3Ac1.jpg', 'product/lai/lai_chuang/Z2nZCkt3Ac2.jpg'),
(116, 26, 'product/lai/lai_hong/BjWi8NTnW3.jpg', 'product/lai/lai_hong/BjWi8NTnW31.jpg', 'product/lai/lai_hong/BjWi8NTnW32.jpg'),
(117, 26, 'product/lai/lai_hong/M2HSFBMd6Z.jpg', 'product/lai/lai_hong/M2HSFBMd6Z1.jpg', 'product/lai/lai_hong/M2HSFBMd6Z2.jpg'),
(118, 26, 'product/lai/lai_hong/mzNNwcdijT.jpg', 'product/lai/lai_hong/mzNNwcdijT1.jpg', 'product/lai/lai_hong/mzNNwcdijT2.jpg'),
(119, 26, 'product/lai/lai_hong/rAsfrySe2H.jpg', 'product/lai/lai_hong/rAsfrySe2H1.jpg', 'product/lai/lai_hong/rAsfrySe2H2.jpg'),
(120, 27, 'product/lai/lai_zhu/b8HnDcpbNk.jpg', 'product/lai/lai_zhu/b8HnDcpbNk1.jpg', 'product/lai/lai_zhu/b8HnDcpbNk2.jpg'),
(121, 27, 'product/lai/lai_zhu/cBYafPz7ck.jpg', 'product/lai/lai_zhu/cBYafPz7ck1.jpg', 'product/lai/lai_zhu/cBYafPz7ck2.jpg'),
(122, 27, 'product/lai/lai_zhu/h4RKwawCbn.jpg', 'product/lai/lai_zhu/h4RKwawCbn1.jpg', 'product/lai/lai_zhu/h4RKwawCbn2.jpg'),
(123, 27, 'product/lai/lai_zhu/mh2sYfDDWk.jpg', 'product/lai/lai_zhu/mh2sYfDDWk1.jpg', 'product/lai/lai_zhu/mh2sYfDDWk2.jpg'),
(124, 27, 'product/lai/lai_zhu/mZZ823EFxw.jpg', 'product/lai/lai_zhu/mZZ823EFxw1.jpg', 'product/lai/lai_zhu/mZZ823EFxw2.jpg'),
(125, 28, 'product/lai/lai_jin/eSw7XiH2yh.jpg', 'product/lai/lai_jin/eSw7XiH2yh1.jpg', 'product/lai/lai_jin/eSw7XiH2yh2.jpg'),
(126, 28, 'product/lai/lai_jin/JkfbTymzXf.jpg', 'product/lai/lai_jin/JkfbTymzXf1.jpg', 'product/lai/lai_jin/JkfbTymzXf2.jpg'),
(127, 28, 'product/lai/lai_jin/Qy4GbBE5fY.jpg', 'product/lai/lai_jin/Qy4GbBE5fY1.jpg', 'product/lai/lai_jin/Qy4GbBE5fY2.jpg'),
(128, 28, 'product/lai/lai_jin/xXNzzbP5bi.jpg', 'product/lai/lai_jin/xXNzzbP5bi1.jpg', 'product/lai/lai_jin/xXNzzbP5bi2.jpg'),
(129, 29, 'product/lai/lai_gou/HJ2RedNKKT.jpg', 'product/lai/lai_gou/HJ2RedNKKT1.jpg', 'product/lai/lai_gou/HJ2RedNKKT2.jpg'),
(130, 29, 'product/lai/lai_gou/nksSn3dZ3M.jpg', 'product/lai/lai_gou/nksSn3dZ3M1.jpg', 'product/lai/lai_gou/nksSn3dZ3M2.jpg'),
(131, 29, 'product/lai/lai_gou/NYadiT4YnT.jpg', 'product/lai/lai_gou/NYadiT4YnT1.jpg', 'product/lai/lai_gou/NYadiT4YnT2.jpg'),
(132, 29, 'product/lai/lai_gou/smPpyiE3TF.jpg', 'product/lai/lai_gou/smPpyiE3TF1.jpg', 'product/lai/lai_gou/smPpyiE3TF2.jpg'),
(133, 29, 'product/lai/lai_gou/yTi4SDhbXW.jpg', 'product/lai/lai_gou/yTi4SDhbXW1.jpg', 'product/lai/lai_gou/yTi4SDhbXW2.jpg'),
(134, 30, 'product/ying/ying_gou/3kc6Ck4MAR.jpg', 'product/ying/ying_gou/3kc6Ck4MAR1.jpg', 'product/ying/ying_gou/3kc6Ck4MAR2.jpg'),
(135, 30, 'product/ying/ying_gou/Amt7apKbds.jpg', 'product/ying/ying_gou/Amt7apKbds1.jpg', 'product/ying/ying_gou/Amt7apKbds2.jpg'),
(136, 30, 'product/ying/ying_gou/bHWnwGsBdK.jpg', 'product/ying/ying_gou/bHWnwGsBdK1.jpg', 'product/ying/ying_gou/bHWnwGsBdK2.jpg'),
(137, 30, 'product/ying/ying_gou/dWTfbR8B28.jpg', 'product/ying/ying_gou/dWTfbR8B281.jpg', 'product/ying/ying_gou/dWTfbR8B282.jpg'),
(138, 30, 'product/ying/ying_gou/HD7nhr34zN.jpg', 'product/ying/ying_gou/HD7nhr34zN1.jpg', 'product/ying/ying_gou/HD7nhr34zN2.jpg'),
(139, 31, 'product/ying/ying13/4CjEEsD6sn.jpg', 'product/ying/ying13/4CjEEsD6sn1.jpg', 'product/ying/ying13/4CjEEsD6sn2.jpg'),
(140, 31, 'product/ying/ying13/63kz2pNfA2.jpg', 'product/ying/ying13/63kz2pNfA21.jpg', 'product/ying/ying13/63kz2pNfA22.jpg'),
(141, 31, 'product/ying/ying13/CmtFJkGHMw.jpg', 'product/ying/ying13/CmtFJkGHMw1.jpg', 'product/ying/ying13/CmtFJkGHMw2.jpg'),
(142, 31, 'product/ying/ying13/hQwmQRB6th.jpg', 'product/ying/ying13/hQwmQRB6th1.jpg', 'product/ying/ying13/hQwmQRB6th2.jpg'),
(143, 31, 'product/ying/ying13/xPrThXTm7T.jpg', 'product/ying/ying13/xPrThXTm7T1.jpg', 'product/ying/ying13/xPrThXTm7T2.jpg'),
(144, 32, 'product/ying/ying_jia/7t7iwNMPYm.jpg', 'product/ying/ying_jia/7t7iwNMPYm1.jpg', 'product/ying/ying_jia/7t7iwNMPYm2.jpg'),
(145, 32, 'product/ying/ying_jia/FpYp7KJmmX.jpg', 'product/ying/ying_jia/FpYp7KJmmX1.jpg', 'product/ying/ying_jia/FpYp7KJmmX2.jpg'),
(146, 32, 'product/ying/ying_jia/MC6d5cma5C.jpg', 'product/ying/ying_jia/MC6d5cma5C1.jpg', 'product/ying/ying_jia/MC6d5cma5C2.jpg'),
(147, 32, 'product/ying/ying_jia/S7HGaHb5ED.jpg', 'product/ying/ying_jia/S7HGaHb5ED1.jpg', 'product/ying/ying_jia/S7HGaHb5ED2.jpg'),
(148, 32, 'product/ying/ying_jia/s8QzmTp2Yb.jpg', 'product/ying/ying_jia/s8QzmTp2Yb1.jpg', 'product/ying/ying_jia/s8QzmTp2Yb2.jpg'),
(149, 33, 'product/ying/ying_bin/njBSksmFCM.jpg', 'product/ying/ying_bin/njBSksmFCM1.jpg', 'product/ying/ying_bin/njBSksmFCM2.jpg'),
(150, 33, 'product/ying/ying_bin/ZSwZA3AYa8.jpg', 'product/ying/ying_bin/ZSwZA3AYa81.jpg', 'product/ying/ying_bin/ZSwZA3AYa82.jpg'),
(151, 33, 'product/ying/ying_bin/7wbNH2mmZe.jpg', 'product/ying/ying_bin/7wbNH2mmZe1.jpg', 'product/ying/ying_bin/7wbNH2mmZe2.jpg'),
(152, 34, 'product/you/you_u/spYNDyGQjP.jpg', 'product/you/you_u/spYNDyGQjP1.jpg', 'product/you/you_u/spYNDyGQjP2.jpg'),
(153, 35, 'product/you/you_shen/HhrPRx5326.jpg', 'product/you/you_shen/HhrPRx53261.jpg', 'product/you/you_shen/HhrPRx53262.jpg'),
(154, 35, 'product/you/you_shen/MDtZjZJF8p.png', 'product/you/you_shen/MDtZjZJF8p1.png', 'product/you/you_shen/MDtZjZJF8p2.png'),
(155, 35, 'product/you/you_shen/RdPQPWnkcR.png', 'product/you/you_shen/RdPQPWnkcR1.png', 'product/you/you_shen/RdPQPWnkcR2.png'),
(156, 35, 'product/you/you_shen/rpWBiMZTxp.jpg', 'product/you/you_shen/rpWBiMZTxp1.jpg', 'product/you/you_shen/rpWBiMZTxp2.jpg'),
(157, 35, 'product/you/you_shen/RRk7FPQbs4.jpg', 'product/you/you_shen/RRk7FPQbs41.jpg', 'product/you/you_shen/RRk7FPQbs42.jpg'),
(158, 36, 'product/you/you_wang/c26GiAyQky.jpg', 'product/you/you_wang/c26GiAyQky1.jpg', 'product/you/you_wang/c26GiAyQky2.jpg'),
(159, 36, 'product/you/you_wang/E3HYAbhh4w.jpg', 'product/you/you_wang/E3HYAbhh4w1.jpg', 'product/you/you_wang/E3HYAbhh4w2.jpg'),
(160, 36, 'product/you/you_wang/W5WMXYtScr.jpg', 'product/you/you_wang/W5WMXYtScr1.jpg', 'product/you/you_wang/W5WMXYtScr2.jpg'),
(161, 36, 'product/you/you_wang/YrZcyHbcwz.png', 'product/you/you_wang/YrZcyHbcwz1.png', 'product/you/you_wang/YrZcyHbcwz2.png'),
(162, 36, 'product/you/you_wang/ZJGdzz54PP.jpg', 'product/you/you_wang/ZJGdzz54PP1.jpg', 'product/you/you_wang/ZJGdzz54PP2.jpg'),
(163, 37, 'product/you/you_er/btbdSENNR8.jpg', 'product/you/you_er/btbdSENNR81.jpg', 'product/you/you_er/btbdSENNR82.jpg'),
(164, 37, 'product/you/you_er/GemzzJy7nP.jpg', 'product/you/you_er/GemzzJy7nP1.jpg', 'product/you/you_er/GemzzJy7nP2.jpg'),
(165, 37, 'product/you/you_er/JAWDiJ4BTN.jpg', 'product/you/you_er/JAWDiJ4BTN1.jpg', 'product/you/you_er/JAWDiJ4BTN2.jpg'),
(166, 37, 'product/you/you_er/X37MRy7YaF.jpg', 'product/you/you_er/X37MRy7YaF1.jpg', 'product/you/you_er/X37MRy7YaF2.jpg'),
(167, 37, 'product/you/you_er/ZGsiDbHyHf.jpg', 'product/you/you_er/ZGsiDbHyHf1.jpg', 'product/you/you_er/ZGsiDbHyHf2.jpg'),
(168, 38, 'product/lao/lao_cheng/CaAk3s3FMy.jpg', 'product/lao/lao_cheng/CaAk3s3FMy1.jpg', 'product/lao/lao_cheng/CaAk3s3FMy2.jpg'),
(169, 38, 'product/lao/lao_cheng/dDX4f3CXBc.jpg', 'product/lao/lao_cheng/dDX4f3CXBc1.jpg', 'product/lao/lao_cheng/dDX4f3CXBc2.jpg'),
(170, 38, 'product/lao/lao_cheng/rz7bAknsJC.jpg', 'product/lao/lao_cheng/rz7bAknsJC1.jpg', 'product/lao/lao_cheng/rz7bAknsJC2.jpg'),
(171, 38, 'product/lao/lao_cheng/S4bPRWh7ZY.jpg', 'product/lao/lao_cheng/S4bPRWh7ZY1.jpg', 'product/lao/lao_cheng/S4bPRWh7ZY2.jpg'),
(172, 38, 'product/lao/lao_cheng/SejPxByP4P.jpg', 'product/lao/lao_cheng/SejPxByP4P1.jpg', 'product/lao/lao_cheng/SejPxByP4P2.jpg'),
(173, 39, 'product/lao/lao_chi/AQxphtQBAy.jpg', 'product/lao/lao_chi/AQxphtQBAy1.jpg', 'product/lao/lao_chi/AQxphtQBAy2.jpg'),
(174, 39, 'product/lao/lao_chi/ECNb2CnjFB.jpg', 'product/lao/lao_chi/ECNb2CnjFB1.jpg', 'product/lao/lao_chi/ECNb2CnjFB2.jpg'),
(175, 39, 'product/lao/lao_chi/maHSNdNpap.jpg', 'product/lao/lao_chi/maHSNdNpap1.jpg', 'product/lao/lao_chi/maHSNdNpap2.jpg'),
(176, 39, 'product/lao/lao_chi/tejhMRYfQA.jpg', 'product/lao/lao_chi/tejhMRYfQA1.jpg', 'product/lao/lao_chi/tejhMRYfQA2.jpg'),
(177, 39, 'product/lao/lao_chi/yJ8Qii7BQs.jpg', 'product/lao/lao_chi/yJ8Qii7BQs1.jpg', 'product/lao/lao_chi/yJ8Qii7BQs2.jpg'),
(178, 40, 'product/lao/lao_lan/ct6KKzYaAm.jpg', 'product/lao/lao_lan/ct6KKzYaAm1.jpg', 'product/lao/lao_lan/ct6KKzYaAm2.jpg'),
(179, 40, 'product/lao/lao_lan/f3x5TQHHeC.jpg', 'product/lao/lao_lan/f3x5TQHHeC1.jpg', 'product/lao/lao_lan/f3x5TQHHeC2.jpg'),
(180, 40, 'product/lao/lao_lan/Jmyh6NBhdZ.jpg', 'product/lao/lao_lan/Jmyh6NBhdZ1.jpg', 'product/lao/lao_lan/Jmyh6NBhdZ2.jpg'),
(181, 40, 'product/lao/lao_lan/MBFwbEiWdN.jpg', 'product/lao/lao_lan/MBFwbEiWdN1.jpg', 'product/lao/lao_lan/MBFwbEiWdN2.jpg'),
(182, 40, 'product/lao/lao_lan/MpS2cWDre8.jpg', 'product/lao/lao_lan/MpS2cWDre81.jpg', 'product/lao/lao_lan/MpS2cWDre82.jpg'),
(183, 41, 'product/lao/lao_lu/bd3kRMAbM2.jpg', 'product/lao/lao_lu/bd3kRMAbM21.jpg', 'product/lao/lao_lu/bd3kRMAbM22.jpg'),
(184, 41, 'product/lao/lao_lu/eC6D5A5wsw.jpg', 'product/lao/lao_lu/eC6D5A5wsw1.jpg', 'product/lao/lao_lu/eC6D5A5wsw2.jpg'),
(185, 41, 'product/lao/lao_lu/MkD7TXjkrx.jpg', 'product/lao/lao_lu/MkD7TXjkrx1.jpg', 'product/lao/lao_lu/MkD7TXjkrx2.jpg'),
(186, 41, 'product/lao/lao_lu/QxyEzDa4Wd.jpg', 'product/lao/lao_lu/QxyEzDa4Wd1.jpg', 'product/lao/lao_lu/QxyEzDa4Wd2.jpg'),
(187, 41, 'product/lao/lao_lu/rZ87am5z8Z.jpg', 'product/lao/lao_lu/rZ87am5z8Z1.jpg', 'product/lao/lao_lu/rZ87am5z8Z2.jpg'),
(188, 42, 'product/lao/lao_qing/6GyJsPWSwj.jpg', 'product/lao/lao_qing/6GyJsPWSwj1.jpg', 'product/lao/lao_qing/6GyJsPWSwj2.jpg'),
(189, 42, 'product/lao/lao_qing/JYcdnTXs4a.jpg', 'product/lao/lao_qing/JYcdnTXs4a1.jpg', 'product/lao/lao_qing/JYcdnTXs4a2.jpg'),
(190, 42, 'product/lao/lao_qing/KStJsfsQKE.jpg', 'product/lao/lao_qing/KStJsfsQKE1.jpg', 'product/lao/lao_qing/KStJsfsQKE2.jpg'),
(191, 42, 'product/lao/lao_qing/rmdJCN6JJC.jpg', 'product/lao/lao_qing/rmdJCN6JJC1.jpg', 'product/lao/lao_qing/rmdJCN6JJC2.jpg'),
(192, 42, 'product/lao/lao_qing/TNz3QkEbX4.jpg', 'product/lao/lao_qing/TNz3QkEbX41.jpg', 'product/lao/lao_qing/TNz3QkEbX42.jpg'),
(193, 43, 'product/lao/lao_zhi/3pXasrkkJs.jpg', 'product/lao/lao_zhi/3pXasrkkJs1.jpg', 'product/lao/lao_zhi/3pXasrkkJs2.jpg'),
(194, 43, 'product/lao/lao_zhi/6ZFbdAEffm.jpg', 'product/lao/lao_zhi/6ZFbdAEffm1.jpg', 'product/lao/lao_zhi/6ZFbdAEffm2.jpg'),
(195, 43, 'product/lao/lao_zhi/p37BmQHCfT.jpg', 'product/lao/lao_zhi/p37BmQHCfT1.jpg', 'product/lao/lao_zhi/p37BmQHCfT2.jpg'),
(196, 43, 'product/lao/lao_zhi/QGd2a4T4yJ.jpg', 'product/lao/lao_zhi/QGd2a4T4yJ1.jpg', 'product/lao/lao_zhi/QGd2a4T4yJ2.jpg'),
(197, 43, 'product/lao/lao_zhi/XME6hA8Zx5.jpg', 'product/lao/lao_zhi/XME6hA8Zx51.jpg', 'product/lao/lao_zhi/XME6hA8Zx52.jpg'),
(198, 44, 'product/lao/lao_bai/Ayc22hw5rK.jpg', 'product/lao/lao_bai/Ayc22hw5rK1.jpg', 'product/lao/lao_bai/Ayc22hw5rK2.jpg'),
(199, 44, 'product/lao/lao_bai/K8aMjxzhWK.jpg', 'product/lao/lao_bai/K8aMjxzhWK1.jpg', 'product/lao/lao_bai/K8aMjxzhWK2.jpg'),
(200, 44, 'product/lao/lao_bai/WQpyMiQJYp.jpg', 'product/lao/lao_bai/WQpyMiQJYp1.jpg', 'product/lao/lao_bai/WQpyMiQJYp2.jpg'),
(201, 44, 'product/lao/lao_bai/xpmaxeD8w8.jpg', 'product/lao/lao_bai/xpmaxeD8w81.jpg', 'product/lao/lao_bai/xpmaxeD8w82.jpg'),
(202, 45, 'product/lao/lao_huang/6hASJpTxrB.jpg', 'product/lao/lao_huang/6hASJpTxrB1.jpg', 'product/lao/lao_huang/6hASJpTxrB2.jpg'),
(203, 45, 'product/lao/lao_huang/J7HNf8cHhN.jpg', 'product/lao/lao_huang/J7HNf8cHhN1.jpg', 'product/lao/lao_huang/J7HNf8cHhN2.jpg'),
(204, 45, 'product/lao/lao_huang/RdmPbCNhBY.jpg', 'product/lao/lao_huang/RdmPbCNhBY1.jpg', 'product/lao/lao_huang/RdmPbCNhBY2.jpg'),
(205, 45, 'product/lao/lao_huang/t47ai7JfGF.jpg', 'product/lao/lao_huang/t47ai7JfGF1.jpg', 'product/lao/lao_huang/t47ai7JfGF2.jpg'),
(206, 46, 'product/wang/wang46/8QiinhDsRe.jpg', 'product/wang/wang46/8QiinhDsRe1.jpg', 'product/wang/wang46/8QiinhDsRe2.jpg'),
(207, 46, 'product/wang/wang46/dTAwn3cXYA.jpg', 'product/wang/wang46/dTAwn3cXYA1.jpg', 'product/wang/wang46/dTAwn3cXYA2.jpg'),
(208, 46, 'product/wang/wang46/RrjSPEdSSK.jpg', 'product/wang/wang46/RrjSPEdSSK1.jpg', 'product/wang/wang46/RrjSPEdSSK2.jpg'),
(209, 46, 'product/wang/wang46/scyz8tKQAT.jpg', 'product/wang/wang46/scyz8tKQAT1.jpg', 'product/wang/wang46/scyz8tKQAT2.jpg'),
(210, 47, 'product/wang/wang53/3RkE3CNpTt.jpg', 'product/wang/wang53/3RkE3CNpTt1.jpg', 'product/wang/wang53/3RkE3CNpTt2.jpg'),
(211, 47, 'product/wang/wang53/a2Pxb8ACfr.jpg', 'product/wang/wang53/a2Pxb8ACfr1.jpg', 'product/wang/wang53/a2Pxb8ACfr2.jpg'),
(212, 47, 'product/wang/wang53/eJc4EXp2d4.jpg', 'product/wang/wang53/eJc4EXp2d41.jpg', 'product/wang/wang53/eJc4EXp2d42.jpg'),
(213, 47, 'product/wang/wang53/ZKmZMWkNfZ.jpg', 'product/wang/wang53/ZKmZMWkNfZ1.jpg', 'product/wang/wang53/ZKmZMWkNfZ2.jpg'),
(214, 48, 'product/wang/wang99/2aDrehwHPZ.jpg', 'product/wang/wang99/2aDrehwHPZ1.jpg', 'product/wang/wang99/2aDrehwHPZ2.jpg'),
(215, 48, 'product/wang/wang99/b7Yi8rXiYy.jpg', 'product/wang/wang99/b7Yi8rXiYy1.jpg', 'product/wang/wang99/b7Yi8rXiYy2.jpg'),
(216, 48, 'product/wang/wang99/Cb5jsk3Jx8.jpg', 'product/wang/wang99/Cb5jsk3Jx81.jpg', 'product/wang/wang99/Cb5jsk3Jx82.jpg'),
(217, 48, 'product/wang/wang99/Gs8h6ZQw7J.jpg', 'product/wang/wang99/Gs8h6ZQw7J1.jpg', 'product/wang/wang99/Gs8h6ZQw7J2.jpg'),
(218, 48, 'product/wang/wang99/iQwWJ6kGsD.jpg', 'product/wang/wang99/iQwWJ6kGsD1.jpg', 'product/wang/wang99/iQwWJ6kGsD2.jpg'),
(219, 49, 'product/wang/wang00/4GW56EiB64.jpg', 'product/wang/wang00/4GW56EiB641.jpg', 'product/wang/wang00/4GW56EiB642.jpg'),
(220, 49, 'product/wang/wang00/fsSenDMFRH.jpg', 'product/wang/wang00/fsSenDMFRH1.jpg', 'product/wang/wang00/fsSenDMFRH2.jpg'),
(221, 49, 'product/wang/wang00/HcWR58xGRA.jpg', 'product/wang/wang00/HcWR58xGRA1.jpg', 'product/wang/wang00/HcWR58xGRA2.jpg'),
(222, 49, 'product/wang/wang00/petRwAeeH5.jpg', 'product/wang/wang00/petRwAeeH51.jpg', 'product/wang/wang00/petRwAeeH52.jpg'),
(223, 49, 'product/wang/wang00/Wtd5bXHd5k.jpg', 'product/wang/wang00/Wtd5bXHd5k1.jpg', 'product/wang/wang00/Wtd5bXHd5k2.jpg'),
(224, 50, 'product/wang/wang_men/5KRWBXnJdk.jpg', 'product/wang/wang_men/5KRWBXnJdk1.jpg', 'product/wang/wang_men/5KRWBXnJdk2.jpg'),
(225, 50, 'product/wang/wang_men/6T2Bi6ePZs.jpg', 'product/wang/wang_men/6T2Bi6ePZs1.jpg', 'product/wang/wang_men/6T2Bi6ePZs2.jpg'),
(226, 50, 'product/wang/wang_men/izfENDXTsi.jpg', 'product/wang/wang_men/izfENDXTsi1.jpg', 'product/wang/wang_men/izfENDXTsi2.jpg'),
(227, 50, 'product/wang/wang_men/JjTH5NQGEn.jpg', 'product/wang/wang_men/JjTH5NQGEn1.jpg', 'product/wang/wang_men/JjTH5NQGEn2.jpg'),
(228, 50, 'product/wang/wang_men/zDd8hxR5r8.jpg', 'product/wang/wang_men/zDd8hxR5r81.jpg', 'product/wang/wang_men/zDd8hxR5r82.jpg'),
(229, 51, 'product/wang/wang_se/phderzDMBk.jpg', 'product/wang/wang_se/phderzDMBk1.jpg', 'product/wang/wang_se/phderzDMBk2.jpg'),
(230, 51, 'product/wang/wang_se/pWsZQzbXJw.jpg', 'product/wang/wang_se/pWsZQzbXJw1.jpg', 'product/wang/wang_se/pWsZQzbXJw2.jpg'),
(231, 52, 'product/wang/wang_xiang/2z4YBdtHQF.jpg', 'product/wang/wang_xiang/2z4YBdtHQF1.jpg', 'product/wang/wang_xiang/2z4YBdtHQF2.jpg'),
(232, 52, 'product/wang/wang_xiang/3XZREWjeeF.jpg', 'product/wang/wang_xiang/3XZREWjeeF1.jpg', 'product/wang/wang_xiang/3XZREWjeeF2.jpg'),
(233, 52, 'product/wang/wang_xiang/ACbzF427Dj.jpg', 'product/wang/wang_xiang/ACbzF427Dj1.jpg', 'product/wang/wang_xiang/ACbzF427Dj2.jpg'),
(234, 52, 'product/wang/wang_xiang/h33kkj7Y7A.jpg', 'product/wang/wang_xiang/h33kkj7Y7A1.jpg', 'product/wang/wang_xiang/h33kkj7Y7A2.jpg'),
(235, 53, 'product/wang/wang_jin/7bXfZd2k7H.jpg', 'product/wang/wang_jin/7bXfZd2k7H1.jpg', 'product/wang/wang_jin/7bXfZd2k7H2.jpg'),
(236, 53, 'product/wang/wang_jin/GZ8Jc6iJpz.jpg', 'product/wang/wang_jin/GZ8Jc6iJpz1.jpg', 'product/wang/wang_jin/GZ8Jc6iJpz2.jpg'),
(237, 53, 'product/wang/wang_jin/JPZrDTbkRm.jpg', 'product/wang/wang_jin/JPZrDTbkRm1.jpg', 'product/wang/wang_jin/JPZrDTbkRm2.jpg'),
(238, 53, 'product/wang/wang_jin/Q3KtKMEfKJ.jpg', 'product/wang/wang_jin/Q3KtKMEfKJ1.jpg', 'product/wang/wang_jin/Q3KtKMEfKJ2.jpg'),
(239, 54, 'product/wang/wang_gou/45wYnzJwEw.jpg', 'product/wang/wang_gou/45wYnzJwEw1.jpg', 'product/wang/wang_gou/45wYnzJwEw2.jpg'),
(240, 54, 'product/wang/wang_gou/cRHEbcN78X.jpg', 'product/wang/wang_gou/cRHEbcN78X1.jpg', 'product/wang/wang_gou/cRHEbcN78X2.jpg'),
(241, 54, 'product/wang/wang_gou/GBJJ85tErB.jpg', 'product/wang/wang_gou/GBJJ85tErB1.jpg', 'product/wang/wang_gou/GBJJ85tErB2.jpg'),
(242, 54, 'product/wang/wang_gou/hf4YhhibzS.jpg', 'product/wang/wang_gou/hf4YhhibzS1.jpg', 'product/wang/wang_gou/hf4YhhibzS2.jpg'),
(243, 54, 'product/wang/wang_gou/yFe6DCHaHi.jpg', 'product/wang/wang_gou/yFe6DCHaHi1.jpg', 'product/wang/wang_gou/yFe6DCHaHi2.jpg'),
(244, 55, 'product/pu/pu_dan/2MTw3mG2MR.jpg', 'product/pu/pu_dan/2MTw3mG2MR1.jpg', 'product/pu/pu_dan/2MTw3mG2MR2.jpg'),
(245, 55, 'product/pu/pu_dan/CifGEkJzyM.jpg', 'product/pu/pu_dan/CifGEkJzyM1.jpg', 'product/pu/pu_dan/CifGEkJzyM2.jpg'),
(246, 55, 'product/pu/pu_dan/DEzK84hkPG.jpg', 'product/pu/pu_dan/DEzK84hkPG1.jpg', 'product/pu/pu_dan/DEzK84hkPG2.jpg'),
(247, 55, 'product/pu/pu_dan/sEmYTN2d5e.jpg', 'product/pu/pu_dan/sEmYTN2d5e1.jpg', 'product/pu/pu_dan/sEmYTN2d5e2.jpg'),
(248, 56, 'product/pu/pu_fang/5x4ZWcAMPA.jpg', 'product/pu/pu_fang/5x4ZWcAMPA1.jpg', 'product/pu/pu_fang/5x4ZWcAMPA2.jpg'),
(249, 56, 'product/pu/pu_fang/dJP3yhyHdt.jpg', 'product/pu/pu_fang/dJP3yhyHdt1.jpg', 'product/pu/pu_fang/dJP3yhyHdt2.jpg'),
(250, 56, 'product/pu/pu_fang/ezHk2hP8yf.jpg', 'product/pu/pu_fang/ezHk2hP8yf1.jpg', 'product/pu/pu_fang/ezHk2hP8yf2.jpg'),
(251, 56, 'product/pu/pu_fang/mCmJr4H2Af.jpg', 'product/pu/pu_fang/mCmJr4H2Af1.jpg', 'product/pu/pu_fang/mCmJr4H2Af2.jpg'),
(252, 56, 'product/pu/pu_fang/ssirGQ5tZp.jpg', 'product/pu/pu_fang/ssirGQ5tZp1.jpg', 'product/pu/pu_fang/ssirGQ5tZp2.jpg'),
(253, 57, 'product/pu/pu_yuan/aA4kGSykpJ.jpg', 'product/pu/pu_yuan/aA4kGSykpJ1.jpg', 'product/pu/pu_yuan/aA4kGSykpJ2.jpg'),
(254, 57, 'product/pu/pu_yuan/Anw2SWK6h7.jpg', 'product/pu/pu_yuan/Anw2SWK6h71.jpg', 'product/pu/pu_yuan/Anw2SWK6h72.jpg'),
(255, 57, 'product/pu/pu_yuan/Q2CGYzD6EF.jpg', 'product/pu/pu_yuan/Q2CGYzD6EF1.jpg', 'product/pu/pu_yuan/Q2CGYzD6EF2.jpg'),
(256, 57, 'product/pu/pu_yuan/thCxeDGMN7.jpg', 'product/pu/pu_yuan/thCxeDGMN71.jpg', 'product/pu/pu_yuan/thCxeDGMN72.jpg'),
(257, 57, 'product/pu/pu_yuan/YWhdYDPD7T.jpg', 'product/pu/pu_yuan/YWhdYDPD7T1.jpg', 'product/pu/pu_yuan/YWhdYDPD7T2.jpg'),
(258, 58, 'product/pu/pu_ji/3htRtFdwzR.jpg', 'product/pu/pu_ji/3htRtFdwzR1.jpg', 'product/pu/pu_ji/3htRtFdwzR2.jpg'),
(259, 58, 'product/pu/pu_ji/Ew7MzwHzEk.jpg', 'product/pu/pu_ji/Ew7MzwHzEk1.jpg', 'product/pu/pu_ji/Ew7MzwHzEk2.jpg'),
(260, 58, 'product/pu/pu_ji/HHsmrJdxDE.jpg', 'product/pu/pu_ji/HHsmrJdxDE1.jpg', 'product/pu/pu_ji/HHsmrJdxDE2.jpg'),
(261, 58, 'product/pu/pu_ji/iWjGzBAccz.jpg', 'product/pu/pu_ji/iWjGzBAccz1.jpg', 'product/pu/pu_ji/iWjGzBAccz2.jpg'),
(262, 58, 'product/pu/pu_ji/jRpRKbRzcR.jpg', 'product/pu/pu_ji/jRpRKbRzcR1.jpg', 'product/pu/pu_ji/jRpRKbRzcR2.jpg'),
(263, 59, 'product/pu/pu_bo/f6csJ2fepG.jpg', 'product/pu/pu_bo/f6csJ2fepG1.jpg', 'product/pu/pu_bo/f6csJ2fepG2.jpg'),
(264, 59, 'product/pu/pu_bo/fHTieA4yc2.jpg', 'product/pu/pu_bo/fHTieA4yc21.jpg', 'product/pu/pu_bo/fHTieA4yc22.jpg'),
(265, 59, 'product/pu/pu_bo/sXK4GEFcez.jpg', 'product/pu/pu_bo/sXK4GEFcez1.jpg', 'product/pu/pu_bo/sXK4GEFcez2.jpg'),
(266, 59, 'product/pu/pu_bo/Z2zCSGJFYE.jpg', 'product/pu/pu_bo/Z2zCSGJFYE1.jpg', 'product/pu/pu_bo/Z2zCSGJFYE2.jpg'),
(267, 59, 'product/pu/pu_bo/ZQ4aDd58X5.jpg', 'product/pu/pu_bo/ZQ4aDd58X51.jpg', 'product/pu/pu_bo/ZQ4aDd58X52.jpg'),
(268, 60, 'product/pu/pu_te/7jt2ChrxFC.jpg', 'product/pu/pu_te/7jt2ChrxFC1.jpg', 'product/pu/pu_te/7jt2ChrxFC2.jpg'),
(269, 60, 'product/pu/pu_te/DmCRXB7tJw.jpg', 'product/pu/pu_te/DmCRXB7tJw1.jpg', 'product/pu/pu_te/DmCRXB7tJw2.jpg'),
(270, 60, 'product/pu/pu_te/ExWEacjPWG.jpg', 'product/pu/pu_te/ExWEacjPWG1.jpg', 'product/pu/pu_te/ExWEacjPWG2.jpg'),
(271, 60, 'product/pu/pu_te/HnhQfJcJTw.jpg', 'product/pu/pu_te/HnhQfJcJTw1.jpg', 'product/pu/pu_te/HnhQfJcJTw2.jpg'),
(272, 61, 'product/pu/pu_wen/3KAMNfKemG.jpg', 'product/pu/pu_wen/3KAMNfKemG1.jpg', 'product/pu/pu_wen/3KAMNfKemG2.jpg'),
(273, 61, 'product/pu/pu_wen/3mzy8Q73mz.jpg', 'product/pu/pu_wen/3mzy8Q73mz1.jpg', 'product/pu/pu_wen/3mzy8Q73mz2.jpg'),
(274, 61, 'product/pu/pu_wen/JyKNHipjTa.jpg', 'product/pu/pu_wen/JyKNHipjTa1.jpg', 'product/pu/pu_wen/JyKNHipjTa2.jpg'),
(275, 61, 'product/pu/pu_wen/zCd656RWJz.jpg', 'product/pu/pu_wen/zCd656RWJz1.jpg', 'product/pu/pu_wen/zCd656RWJz2.jpg'),
(276, 62, 'product/pu/pu_gou/EChcSCBMSb.jpg', 'product/pu/pu_gou/EChcSCBMSb1.jpg', 'product/pu/pu_gou/EChcSCBMSb2.jpg'),
(277, 62, 'product/pu/pu_gou/P3iXMA5jtQ.jpg', 'product/pu/pu_gou/P3iXMA5jtQ1.jpg', 'product/pu/pu_gou/P3iXMA5jtQ2.jpg'),
(278, 62, 'product/pu/pu_gou/pkc6eRwjCK.jpg', 'product/pu/pu_gou/pkc6eRwjCK1.jpg', 'product/pu/pu_gou/pkc6eRwjCK2.jpg'),
(279, 62, 'product/pu/pu_gou/pTJtCFJedn.jpg', 'product/pu/pu_gou/pTJtCFJedn1.jpg', 'product/pu/pu_gou/pTJtCFJedn2.jpg'),
(280, 62, 'product/pu/pu_gou/WYGDQ8jBXy.jpg', 'product/pu/pu_gou/WYGDQ8jBXy1.jpg', 'product/pu/pu_gou/WYGDQ8jBXy2.jpg'),
(281, 63, 'product/pu/pu_long/AkZzJBBMhj.jpg', 'product/pu/pu_long/AkZzJBBMhj1.jpg', 'product/pu/pu_long/AkZzJBBMhj2.jpg'),
(282, 63, 'product/pu/pu_long/JFndAMSkb3.jpg', 'product/pu/pu_long/JFndAMSkb31.jpg', 'product/pu/pu_long/JFndAMSkb32.jpg'),
(283, 63, 'product/pu/pu_long/KTGtdnDJzP.jpg', 'product/pu/pu_long/KTGtdnDJzP1.jpg', 'product/pu/pu_long/KTGtdnDJzP2.jpg'),
(284, 63, 'product/pu/pu_long/YG3f5XxWPQ.jpg', 'product/pu/pu_long/YG3f5XxWPQ1.jpg', 'product/pu/pu_long/YG3f5XxWPQ2.jpg'),
(285, 64, 'product/pu/pu_cang/7ybMRWWhfB.jpg', 'product/pu/pu_cang/7ybMRWWhfB1.jpg', 'product/pu/pu_cang/7ybMRWWhfB2.jpg'),
(286, 64, 'product/pu/pu_cang/cSKmtaEPxt.jpg', 'product/pu/pu_cang/cSKmtaEPxt1.jpg', 'product/pu/pu_cang/cSKmtaEPxt2.jpg'),
(287, 64, 'product/pu/pu_cang/h5xwccQEKy.jpg', 'product/pu/pu_cang/h5xwccQEKy1.jpg', 'product/pu/pu_cang/h5xwccQEKy2.jpg'),
(288, 64, 'product/pu/pu_cang/HiTHktstyd.jpg', 'product/pu/pu_cang/HiTHktstyd1.jpg', 'product/pu/pu_cang/HiTHktstyd2.jpg'),
(289, 64, 'product/pu/pu_cang/mxPcfGQcDi.jpg', 'product/pu/pu_cang/mxPcfGQcDi1.jpg', 'product/pu/pu_cang/mxPcfGQcDi2.jpg'),
(290, 65, 'product/pu/pu_yun/2sKSnnspT5.jpg', 'product/pu/pu_yun/2sKSnnspT51.jpg', 'product/pu/pu_yun/2sKSnnspT52.jpg'),
(291, 65, 'product/pu/pu_yun/mmdGtXCnz4.jpg', 'product/pu/pu_yun/mmdGtXCnz41.jpg', 'product/pu/pu_yun/mmdGtXCnz42.jpg'),
(292, 65, 'product/pu/pu_yun/r7WB8cQEHY.jpg', 'product/pu/pu_yun/r7WB8cQEHY1.jpg', 'product/pu/pu_yun/r7WB8cQEHY2.jpg'),
(293, 65, 'product/pu/pu_yun/sdfweSYeEa.jpg', 'product/pu/pu_yun/sdfweSYeEa1.jpg', 'product/pu/pu_yun/sdfweSYeEa2.jpg'),
(294, 66, 'product/pu/pu_sha/56HtNayG6p.jpg', 'product/pu/pu_sha/56HtNayG6p1.jpg', 'product/pu/pu_sha/56HtNayG6p2.jpg'),
(295, 66, 'product/pu/pu_sha/iRaiT6Rmzr.jpg', 'product/pu/pu_sha/iRaiT6Rmzr1.jpg', 'product/pu/pu_sha/iRaiT6Rmzr2.jpg'),
(296, 66, 'product/pu/pu_sha/N6HQxG2SHR.jpg', 'product/pu/pu_sha/N6HQxG2SHR1.jpg', 'product/pu/pu_sha/N6HQxG2SHR2.jpg'),
(297, 66, 'product/pu/pu_sha/t4JyFXbxyi.jpg', 'product/pu/pu_sha/t4JyFXbxyi1.jpg', 'product/pu/pu_sha/t4JyFXbxyi2.jpg'),
(298, 66, 'product/pu/pu_sha/wJBTmtkk8E.jpg', 'product/pu/pu_sha/wJBTmtkk8E1.jpg', 'product/pu/pu_sha/wJBTmtkk8E2.jpg'),
(299, 67, 'product/pu/pu_hong/a72jMyd8Sk.jpg', 'product/pu/pu_hong/a72jMyd8Sk1.jpg', 'product/pu/pu_hong/a72jMyd8Sk2.jpg'),
(300, 67, 'product/pu/pu_hong/f8AFitkjbE.jpg', 'product/pu/pu_hong/f8AFitkjbE1.jpg', 'product/pu/pu_hong/f8AFitkjbE2.jpg'),
(301, 67, 'product/pu/pu_hong/G5zZAcd2RZ.jpg', 'product/pu/pu_hong/G5zZAcd2RZ1.jpg', 'product/pu/pu_hong/G5zZAcd2RZ2.jpg'),
(302, 67, 'product/pu/pu_hong/TkKdc7KZNx.jpg', 'product/pu/pu_hong/TkKdc7KZNx1.jpg', 'product/pu/pu_hong/TkKdc7KZNx2.jpg'),
(303, 68, 'product/pu/pu_lan/6RXtnkribf.jpg', 'product/pu/pu_lan/6RXtnkribf1.jpg', 'product/pu/pu_lan/6RXtnkribf2.jpg'),
(304, 68, 'product/pu/pu_lan/fDddah35y2.jpg', 'product/pu/pu_lan/fDddah35y21.jpg', 'product/pu/pu_lan/fDddah35y22.jpg'),
(305, 68, 'product/pu/pu_lan/n8A4B5Gj4R.jpg', 'product/pu/pu_lan/n8A4B5Gj4R1.jpg', 'product/pu/pu_lan/n8A4B5Gj4R2.jpg'),
(306, 68, 'product/pu/pu_lan/rTcQ2QA2Xa.jpg', 'product/pu/pu_lan/rTcQ2QA2Xa1.jpg', 'product/pu/pu_lan/rTcQ2QA2Xa2.jpg'),
(307, 69, 'product/mao/mao_bai/7QXxdTiGyY.jpg', 'product/mao/mao_bai/7QXxdTiGyY1.jpg', 'product/mao/mao_bai/7QXxdTiGyY2.jpg'),
(308, 69, 'product/mao/mao_bai/BJCHtWYpyi.jpg', 'product/mao/mao_bai/BJCHtWYpyi1.jpg', 'product/mao/mao_bai/BJCHtWYpyi2.jpg'),
(309, 69, 'product/mao/mao_bai/iEsJexb5YC.jpg', 'product/mao/mao_bai/iEsJexb5YC1.jpg', 'product/mao/mao_bai/iEsJexb5YC2.jpg'),
(310, 69, 'product/mao/mao_bai/J5Te6wfw2Y.jpg', 'product/mao/mao_bai/J5Te6wfw2Y1.jpg', 'product/mao/mao_bai/J5Te6wfw2Y2.jpg'),
(311, 69, 'product/mao/mao_bai/wkrkcsiMp5.jpg', 'product/mao/mao_bai/wkrkcsiMp51.jpg', 'product/mao/mao_bai/wkrkcsiMp52.jpg'),
(312, 70, 'product/mao/mao_da/AEjEacpd4x.jpg', 'product/mao/mao_da/AEjEacpd4x1.jpg', 'product/mao/mao_da/AEjEacpd4x2.jpg'),
(313, 70, 'product/mao/mao_da/GcXWtnE7Xc.jpg', 'product/mao/mao_da/GcXWtnE7Xc1.jpg', 'product/mao/mao_da/GcXWtnE7Xc2.jpg'),
(314, 70, 'product/mao/mao_da/sPijB2jy3i.jpg', 'product/mao/mao_da/sPijB2jy3i1.jpg', 'product/mao/mao_da/sPijB2jy3i2.jpg'),
(315, 70, 'product/mao/mao_da/tQCMMX8wGr.jpg', 'product/mao/mao_da/tQCMMX8wGr1.jpg', 'product/mao/mao_da/tQCMMX8wGr2.jpg'),
(316, 70, 'product/mao/mao_da/WReCcxCTec.jpg', 'product/mao/mao_da/WReCcxCTec1.jpg', 'product/mao/mao_da/WReCcxCTec2.jpg'),
(317, 71, 'product/mao/mao_fu/GcH5tiy8eT.jpg', 'product/mao/mao_fu/GcH5tiy8eT1.jpg', 'product/mao/mao_fu/GcH5tiy8eT2.jpg'),
(318, 71, 'product/mao/mao_fu/kP5h7D5hn7.jpg', 'product/mao/mao_fu/kP5h7D5hn71.jpg', 'product/mao/mao_fu/kP5h7D5hn72.jpg'),
(319, 71, 'product/mao/mao_fu/ndfE4x4hy6.jpg', 'product/mao/mao_fu/ndfE4x4hy61.jpg', 'product/mao/mao_fu/ndfE4x4hy62.jpg'),
(320, 71, 'product/mao/mao_fu/wy5XwZRRjy.jpg', 'product/mao/mao_fu/wy5XwZRRjy1.jpg', 'product/mao/mao_fu/wy5XwZRRjy2.jpg'),
(321, 71, 'product/mao/mao_fu/XcwD7jAYJX.jpg', 'product/mao/mao_fu/XcwD7jAYJX1.jpg', 'product/mao/mao_fu/XcwD7jAYJX2.jpg'),
(322, 72, 'product/mao/mao_xiang/BxYeXTZQRj.jpg', 'product/mao/mao_xiang/BxYeXTZQRj1.jpg', 'product/mao/mao_xiang/BxYeXTZQRj2.jpg'),
(323, 72, 'product/mao/mao_xiang/CSH4zck7jb.jpg', 'product/mao/mao_xiang/CSH4zck7jb1.jpg', 'product/mao/mao_xiang/CSH4zck7jb2.jpg'),
(324, 72, 'product/mao/mao_xiang/Ma33DmHJZe.jpg', 'product/mao/mao_xiang/Ma33DmHJZe1.jpg', 'product/mao/mao_xiang/Ma33DmHJZe2.jpg'),
(325, 72, 'product/mao/mao_xiang/sARCNAjxP4.jpg', 'product/mao/mao_xiang/sARCNAjxP41.jpg', 'product/mao/mao_xiang/sARCNAjxP42.jpg'),
(326, 72, 'product/mao/mao_xiang/si7ATZfTDi.jpg', 'product/mao/mao_xiang/si7ATZfTDi1.jpg', 'product/mao/mao_xiang/si7ATZfTDi2.jpg'),
(327, 73, 'product/mao/mao_hao/4jwwCDPhGz.jpg', 'product/mao/mao_hao/4jwwCDPhGz1.jpg', 'product/mao/mao_hao/4jwwCDPhGz2.jpg'),
(328, 73, 'product/mao/mao_hao/7b4ft3yeMC.jpg', 'product/mao/mao_hao/7b4ft3yeMC1.jpg', 'product/mao/mao_hao/7b4ft3yeMC2.jpg'),
(329, 73, 'product/mao/mao_hao/FfsK4HBNr4.jpg', 'product/mao/mao_hao/FfsK4HBNr41.jpg', 'product/mao/mao_hao/FfsK4HBNr42.jpg'),
(330, 73, 'product/mao/mao_hao/tT8Fj4Cacy.jpg', 'product/mao/mao_hao/tT8Fj4Cacy1.jpg', 'product/mao/mao_hao/tT8Fj4Cacy2.jpg'),
(331, 73, 'product/mao/mao_hao/y7ikJ4Smz3.jpg', 'product/mao/mao_hao/y7ikJ4Smz31.jpg', 'product/mao/mao_hao/y7ikJ4Smz32.jpg'),
(332, 74, 'product/mao/mao_jin/ahxHDcEwzQ.jpg', 'product/mao/mao_jin/ahxHDcEwzQ1.jpg', 'product/mao/mao_jin/ahxHDcEwzQ2.jpg'),
(333, 74, 'product/mao/mao_jin/b3wxd3R8MA.jpg', 'product/mao/mao_jin/b3wxd3R8MA1.jpg', 'product/mao/mao_jin/b3wxd3R8MA2.jpg'),
(334, 74, 'product/mao/mao_jin/FTfiphZXwC.jpg', 'product/mao/mao_jin/FTfiphZXwC1.jpg', 'product/mao/mao_jin/FTfiphZXwC2.jpg'),
(335, 74, 'product/mao/mao_jin/inQNaZHWyA.jpg', 'product/mao/mao_jin/inQNaZHWyA1.jpg', 'product/mao/mao_jin/inQNaZHWyA2.jpg'),
(336, 74, 'product/mao/mao_jin/QFkfRpppsm.jpg', 'product/mao/mao_jin/QFkfRpppsm1.jpg', 'product/mao/mao_jin/QFkfRpppsm2.jpg'),
(337, 75, 'product/mao/mao_xiao/46W7tXpSNX.jpg', 'product/mao/mao_xiao/46W7tXpSNX1.jpg', 'product/mao/mao_xiao/46W7tXpSNX2.jpg'),
(338, 75, 'product/mao/mao_xiao/HZx7TNcQir.jpg', 'product/mao/mao_xiao/HZx7TNcQir1.jpg', 'product/mao/mao_xiao/HZx7TNcQir2.jpg'),
(339, 75, 'product/mao/mao_xiao/NfccbjawGy.jpg', 'product/mao/mao_xiao/NfccbjawGy1.jpg', 'product/mao/mao_xiao/NfccbjawGy2.jpg'),
(340, 75, 'product/mao/mao_xiao/tdaaeWRw8F.jpg', 'product/mao/mao_xiao/tdaaeWRw8F1.jpg', 'product/mao/mao_xiao/tdaaeWRw8F2.jpg'),
(341, 75, 'product/mao/mao_xiao/yhzFifaY2p.jpg', 'product/mao/mao_xiao/yhzFifaY2p1.jpg', 'product/mao/mao_xiao/yhzFifaY2p2.jpg'),
(342, 76, 'product/mao/mao_xin/2fktYPwwA6.jpg', 'product/mao/mao_xin/2fktYPwwA61.jpg', 'product/mao/mao_xin/2fktYPwwA62.JPG'),
(343, 76, 'product/mao/mao_xin/DpxfDTjwjB.jpg', 'product/mao/mao_xin/DpxfDTjwjB1.jpg', 'product/mao/mao_xin/DpxfDTjwjB2.jpg'),
(344, 76, 'product/mao/mao_xin/P2twcGTD3t.jpg', 'product/mao/mao_xin/P2twcGTD3t1.jpg', 'product/mao/mao_xin/P2twcGTD3t2.JPG'),
(345, 76, 'product/mao/mao_xin/RmX4nSCTSf.jpg', 'product/mao/mao_xin/RmX4nSCTSf1.jpg', 'product/mao/mao_xin/RmX4nSCTSf2.jpg'),
(346, 77, 'product/mao/mao_zhong/3TjS3WxDDm.jpg', 'product/mao/mao_zhong/3TjS3WxDDm1.jpg', 'product/mao/mao_zhong/3TjS3WxDDm2.jpg'),
(347, 78, 'product/mao/mao_zhi/7n4FHz4NrC.jpg', 'product/mao/mao_zhi/7n4FHz4NrC1.jpg', 'product/mao/mao_zhi/7n4FHz4NrC2.jpg'),
(348, 78, 'product/mao/mao_zhi/dthDijW3iT.jpg', 'product/mao/mao_zhi/dthDijW3iT1.jpg', 'product/mao/mao_zhi/dthDijW3iT2.jpg'),
(349, 78, 'product/mao/mao_zhi/GSFYTnpWPB.png', 'product/mao/mao_zhi/GSFYTnpWPB1.png', 'product/mao/mao_zhi/GSFYTnpWPB.jpg'),
(350, 78, 'product/mao/mao_zhi/Jt4r82S7Wy.jpg', 'product/mao/mao_zhi/Jt4r82S7Wy1.jpg', 'product/mao/mao_zhi/Jt4r82S7Wy2.jpg'),
(351, 78, 'product/mao/mao_zhi/NEyFwyQcDk.jpg', 'product/mao/mao_zhi/NEyFwyQcDk1.jpg', 'product/mao/mao_zhi/NEyFwyQcDk2.jpg'),
(352, 79, 'product/mao/mao15/exay3ad4pc.jpg', 'product/mao/mao15/exay3ad4pc1.jpg', 'product/mao/mao15/exay3ad4pc2.jpg'),
(353, 79, 'product/mao/mao15/FnTHFMAwXQ.jpg', 'product/mao/mao15/FnTHFMAwXQ1.jpg', 'product/mao/mao15/FnTHFMAwXQ2.jpg'),
(354, 79, 'product/mao/mao15/FrNbnBdJTn.jpg', 'product/mao/mao15/FrNbnBdJTn1.jpg', 'product/mao/mao15/FrNbnBdJTn2.jpg'),
(355, 79, 'product/mao/mao15/k4iBzYtRaP.jpg', 'product/mao/mao15/k4iBzYtRaP1.jpg', 'product/mao/mao15/k4iBzYtRaP2.jpg'),
(356, 80, 'product/mao/mao30/bZpPSWzREi.png', 'product/mao/mao30/bZpPSWzREi1.png', 'product/mao/mao30/bZpPSWzREi2.png'),
(357, 80, 'product/mao/mao30/CHthTtKEYZ.jpg', 'product/mao/mao30/CHthTtKEYZ1.jpg', 'product/mao/mao30/CHthTtKEYZ2.jpg'),
(358, 80, 'product/mao/mao30/DrkKdbxfBs.jpg', 'product/mao/mao30/DrkKdbxfBs1.jpg', 'product/mao/mao30/DrkKdbxfBs2.jpg'),
(359, 80, 'product/mao/mao30/Pwd28j8bm2.jpg', 'product/mao/mao30/Pwd28j8bm21.jpg', 'product/mao/mao30/Pwd28j8bm22.jpg'),
(360, 80, 'product/mao/mao30/rwDf2tbxA4.jpg', 'product/mao/mao30/rwDf2tbxA41.jpg', 'product/mao/mao30/rwDf2tbxA42.jpg'),
(361, 81, 'product/mao/mao50/bechXKhB5K.jpg', 'product/mao/mao50/bechXKhB5K1.jpg', 'product/mao/mao50/bechXKhB5K2.jpg'),
(362, 81, 'product/mao/mao50/hzcyT23x3j.jpg', 'product/mao/mao50/hzcyT23x3j1.jpg', 'product/mao/mao50/hzcyT23x3j2.jpg'),
(363, 81, 'product/mao/mao50/ia5meSWkMz.jpg', 'product/mao/mao50/ia5meSWkMz1.jpg', 'product/mao/mao50/ia5meSWkMz2.jpg'),
(364, 81, 'product/mao/mao50/inkidfQNcn.jpg', 'product/mao/mao50/inkidfQNcn1.jpg', 'product/mao/mao50/inkidfQNcn2.jpg'),
(365, 82, 'product/mao/mao200/h8smrwMNiA.jpg', 'product/mao/mao200/h8smrwMNiA1.jpg', 'product/mao/mao200/h8smrwMNiA2.jpg'),
(366, 82, 'product/mao/mao200/pdmsHp7eWs.jpg', 'product/mao/mao200/pdmsHp7eWs1.jpg', 'product/mao/mao200/pdmsHp7eWs2.jpg'),
(367, 82, 'product/mao/mao200/tDc8Mhk4Xc.jpg', 'product/mao/mao200/tDc8Mhk4Xc1.jpg', 'product/mao/mao200/tDc8Mhk4Xc2.jpg'),
(368, 82, 'product/mao/mao200/xAFAy4jkBD.jpg', 'product/mao/mao200/xAFAy4jkBD1.jpg', 'product/mao/mao200/xAFAy4jkBD2.jpg'),
(369, 83, 'product/mao/mao375/3NfMa8wKtn.jpg', 'product/mao/mao375/3NfMa8wKtn1.jpg', 'product/mao/mao375/3NfMa8wKtn2.jpg'),
(370, 83, 'product/mao/mao375/5kHmhSA5iQ.jpg', 'product/mao/mao375/5kHmhSA5iQ1.jpg', 'product/mao/mao375/5kHmhSA5iQ2.jpg'),
(371, 83, 'product/mao/mao375/67NKRw3pSX.jpg', 'product/mao/mao375/67NKRw3pSX1.jpg', 'product/mao/mao375/67NKRw3pSX2.jpg'),
(372, 83, 'product/mao/mao375/GQe3ExdbaT.jpg', 'product/mao/mao375/GQe3ExdbaT1.jpg', 'product/mao/mao375/GQe3ExdbaT2.jpg'),
(373, 84, 'product/mao/mao_wu/2rFarF7RZ2.jpg', 'product/mao/mao_wu/2rFarF7RZ21.jpg', 'product/mao/mao_wu/2rFarF7RZ22.jpg'),
(374, 84, 'product/mao/mao_wu/Mz8hHh4KGj.jpg', 'product/mao/mao_wu/Mz8hHh4KGj1.jpg', 'product/mao/mao_wu/Mz8hHh4KGj2.jpg'),
(375, 84, 'product/mao/mao_wu/RifN8bzRiZ.jpg', 'product/mao/mao_wu/RifN8bzRiZ1.jpg', 'product/mao/mao_wu/RifN8bzRiZ2.jpg'),
(376, 93, 'product/xi/xi_shi/3QNCwzxjSb.jpg', 'product/xi/xi_shi/3QNCwzxjSb1.jpg', 'product/xi/xi_shi/3QNCwzxjSb2.jpg'),
(377, 93, 'product/xi/xi_shi/23Nfr8XJK3.jpg', 'product/xi/xi_shi/23Nfr8XJK31.jpg', 'product/xi/xi_shi/23Nfr8XJK32.jpg'),
(378, 93, 'product/xi/xi_shi/d25Y4eS77M.jpg', 'product/xi/xi_shi/d25Y4eS77M1.jpg', 'product/xi/xi_shi/d25Y4eS77M2.jpg'),
(379, 93, 'product/xi/xi_shi/DdYzenwi2z.jpg', 'product/xi/xi_shi/DdYzenwi2z1.jpg', 'product/xi/xi_shi/DdYzenwi2z2.jpg'),
(380, 93, 'product/xi/xi_shi/Mms88AQikd.jpg', 'product/xi/xi_shi/Mms88AQikd1.jpg', 'product/xi/xi_shi/Mms88AQikd2.jpg'),
(381, 94, 'product/xi/xi_shiwu/Chmbnwapjn.jpg', 'product/xi/xi_shiwu/Chmbnwapjn1.jpg', 'product/xi/xi_shiwu/Chmbnwapjn2.jpg'),
(382, 94, 'product/xi/xi_shiwu/KiMiXZmdJC.jpg', 'product/xi/xi_shiwu/KiMiXZmdJC1.jpg', 'product/xi/xi_shiwu/KiMiXZmdJC2.jpg'),
(383, 94, 'product/xi/xi_shiwu/NeJZJrYjss.jpg', 'product/xi/xi_shiwu/NeJZJrYjss1.jpg', 'product/xi/xi_shiwu/NeJZJrYjss2.jpg'),
(384, 94, 'product/xi/xi_shiwu/TJxdyeAF8t.jpg', 'product/xi/xi_shiwu/TJxdyeAF8t1.jpg', 'product/xi/xi_shiwu/TJxdyeAF8t2.jpg'),
(385, 94, 'product/xi/xi_shiwu/ztJPkdcYzR.jpg', 'product/xi/xi_shiwu/ztJPkdcYzR1.jpg', 'product/xi/xi_shiwu/ztJPkdcYzR2.jpg'),
(386, 98, 'product/xi/xi88_ya/6xHj6irYht.jpg', 'product/xi/xi88_ya/6xHj6irYht1.jpg', 'product/xi/xi88_ya/6xHj6irYht2.jpg'),
(387, 98, 'product/xi/xi88_ya/hcHAyQWMKx.jpg', 'product/xi/xi88_ya/hcHAyQWMKx1.jpg', 'product/xi/xi88_ya/hcHAyQWMKx2.jpg'),
(388, 98, 'product/xi/xi88_ya/RAwZE7JEje.jpg', 'product/xi/xi88_ya/RAwZE7JEje1.jpg', 'product/xi/xi88_ya/RAwZE7JEje2.jpg'),
(389, 98, 'product/xi/xi88_ya/XDf68r5G5a.jpg', 'product/xi/xi88_ya/XDf68r5G5a1.jpg', 'product/xi/xi88_ya/XDf68r5G5a2.jpg'),
(390, 98, 'product/xi/xi88_ya/YjBB64JJAF.jpg', 'product/xi/xi88_ya/YjBB64JJAF1.jpg', 'product/xi/xi88_ya/YjBB64JJAF2.jpg'),
(391, 99, 'product/xi/xi88_ju/64YxJ4wZMQ.jpg', 'product/xi/xi88_ju/64YxJ4wZMQ1.jpg', 'product/xi/xi88_ju/64YxJ4wZMQ2.jpg'),
(392, 99, 'product/xi/xi88_ju/nrXmMyKhaQ.jpg', 'product/xi/xi88_ju/nrXmMyKhaQ1.jpg', 'product/xi/xi88_ju/nrXmMyKhaQ2.jpg'),
(393, 99, 'product/xi/xi88_ju/pFfx3K2D3W.jpg', 'product/xi/xi88_ju/pFfx3K2D3W1.jpg', 'product/xi/xi88_ju/pFfx3K2D3W2.jpg'),
(394, 99, 'product/xi/xi88_ju/tQsFeXj86X.jpg', 'product/xi/xi88_ju/tQsFeXj86X1.jpg', 'product/xi/xi88_ju/tQsFeXj86X2.jpg'),
(395, 99, 'product/xi/xi88_ju/xKpT3GBSkA.jpg', 'product/xi/xi88_ju/xKpT3GBSkA1.jpg', 'product/xi/xi88_ju/xKpT3GBSkA2.jpg'),
(396, 101, 'product/xi/xi88_mei/3C3tkmGiGr.jpg', 'product/xi/xi88_mei/3C3tkmGiGr1.jpg', 'product/xi/xi88_mei/3C3tkmGiGr2.jpg'),
(397, 101, 'product/xi/xi88_mei/aMdCJcjtGd.jpg', 'product/xi/xi88_mei/aMdCJcjtGd1.jpg', 'product/xi/xi88_mei/aMdCJcjtGd2.jpg'),
(398, 101, 'product/xi/xi88_mei/eMPeKfTMjR.jpg', 'product/xi/xi88_mei/eMPeKfTMjR1.jpg', 'product/xi/xi88_mei/eMPeKfTMjR2.jpg'),
(399, 101, 'product/xi/xi88_mei/seMK5yrchM.jpg', 'product/xi/xi88_mei/seMK5yrchM1.jpg', 'product/xi/xi88_mei/seMK5yrchM2.jpg'),
(400, 101, 'product/xi/xi88_mei/yyZfKmQZ8y.jpg', 'product/xi/xi88_mei/yyZfKmQZ8y1.jpg', 'product/xi/xi88_mei/yyZfKmQZ8y2.jpg');
INSERT INTO `hh_wine_pic` (`pid`, `wid`, `sm`, `md`, `lg`) VALUES
(401, 102, 'product/xi/xi88_zu/C8sCk3G8Xn.jpg', 'product/xi/xi88_zu/C8sCk3G8Xn1.jpg', 'product/xi/xi88_zu/C8sCk3G8Xn2.jpg'),
(402, 102, 'product/xi/xi88_zu/iZiBYXWDMp.jpg', 'product/xi/xi88_zu/iZiBYXWDMp1.jpg', 'product/xi/xi88_zu/iZiBYXWDMp2.jpg'),
(403, 102, 'product/xi/xi88_zu/NmkcNrQTAS.jpg', 'product/xi/xi88_zu/NmkcNrQTAS1.jpg', 'product/xi/xi88_zu/NmkcNrQTAS2.jpg'),
(404, 102, 'product/xi/xi88_zu/RfDpFrxwKM.jpg', 'product/xi/xi88_zu/RfDpFrxwKM1.jpg', 'product/xi/xi88_zu/RfDpFrxwKM2.jpg'),
(405, 102, 'product/xi/xi88_zu/yMiiXbrsAn.jpg', 'product/xi/xi88_zu/yMiiXbrsAn1.jpg', 'product/xi/xi88_zu/yMiiXbrsAn2.jpg'),
(406, 103, 'product/xi/xi88_jun/5DXXBXG7a6.jpg', 'product/xi/xi88_jun/5DXXBXG7a61.jpg', 'product/xi/xi88_jun/5DXXBXG7a62.jpg'),
(407, 103, 'product/xi/xi88_jun/CtR53jB5iC.jpg', 'product/xi/xi88_jun/CtR53jB5iC1.jpg', 'product/xi/xi88_jun/CtR53jB5iC2.jpg'),
(408, 103, 'product/xi/xi88_jun/f5kh4Eix7Y.jpg', 'product/xi/xi88_jun/f5kh4Eix7Y1.jpg', 'product/xi/xi88_jun/f5kh4Eix7Y2.jpg'),
(409, 103, 'product/xi/xi88_jun/FHC6yzinp8.jpg', 'product/xi/xi88_jun/FHC6yzinp81.jpg', 'product/xi/xi88_jun/FHC6yzinp82.jpg'),
(410, 103, 'product/xi/xi88_jun/Kj8DhG73yB.jpg', 'product/xi/xi88_jun/Kj8DhG73yB1.jpg', 'product/xi/xi88_jun/Kj8DhG73yB2.jpg'),
(411, 112, 'product/xi/xi8810/asBmAtbap5.jpg', 'product/xi/xi8810/asBmAtbap51.jpg', 'product/xi/xi8810/asBmAtbap52.jpg'),
(412, 112, 'product/xi/xi8810/CznjaHHich.jpg', 'product/xi/xi8810/CznjaHHich1.jpg', 'product/xi/xi8810/CznjaHHich2.jpg'),
(413, 112, 'product/xi/xi8810/QwGSAseTP2.jpg', 'product/xi/xi8810/QwGSAseTP21.jpg', 'product/xi/xi8810/QwGSAseTP22.jpg'),
(414, 112, 'product/xi/xi8810/SDPSZDrkXy.jpg', 'product/xi/xi8810/SDPSZDrkXy1.jpg', 'product/xi/xi8810/SDPSZDrkXy2.jpg'),
(415, 112, 'product/xi/xi8810/ZRQ8rrjmkD.jpg', 'product/xi/xi8810/ZRQ8rrjmkD1.jpg', 'product/xi/xi8810/ZRQ8rrjmkD2.jpg'),
(416, 113, 'product/xi/xi8815/E8fmP4sX47.jpg', 'product/xi/xi8815/E8fmP4sX471.jpg', 'product/xi/xi8815/E8fmP4sX472.jpg'),
(417, 113, 'product/xi/xi8815/f88ajN2a5D.jpg', 'product/xi/xi8815/f88ajN2a5D1.jpg', 'product/xi/xi8815/f88ajN2a5D2.jpg'),
(418, 113, 'product/xi/xi8815/Grdy5G4WC8.jpg', 'product/xi/xi8815/Grdy5G4WC81.jpg', 'product/xi/xi8815/Grdy5G4WC82.jpg'),
(419, 113, 'product/xi/xi8815/h5Kd76eZWE.jpg', 'product/xi/xi8815/h5Kd76eZWE1.jpg', 'product/xi/xi8815/h5Kd76eZWE2.jpg'),
(420, 113, 'product/xi/xi8815/kkRC3mjz5c.jpg', 'product/xi/xi8815/kkRC3mjz5c1.jpg', 'product/xi/xi8815/kkRC3mjz5c2.jpg'),
(421, 114, 'product/xi/xi8830/AkirZcEjx5.jpg', 'product/xi/xi8830/AkirZcEjx51.jpg', 'product/xi/xi8830/AkirZcEjx52.jpg'),
(422, 114, 'product/xi/xi8830/dSzBDca8Xk.jpg', 'product/xi/xi8830/dSzBDca8Xk1.jpg', 'product/xi/xi8830/dSzBDca8Xk2.jpg'),
(423, 114, 'product/xi/xi8830/i8cYe3RCAh.jpg', 'product/xi/xi8830/i8cYe3RCAh1.jpg', 'product/xi/xi8830/i8cYe3RCAh2.jpg'),
(424, 114, 'product/xi/xi8830/QJ7Ga3JTSR.jpg', 'product/xi/xi8830/QJ7Ga3JTSR1.jpg', 'product/xi/xi8830/QJ7Ga3JTSR2.jpg'),
(425, 114, 'product/xi/xi8830/Wx2QzjGJpz.jpg', 'product/xi/xi8830/Wx2QzjGJpz1.jpg', 'product/xi/xi8830/Wx2QzjGJpz2.jpg'),
(426, 115, 'product/xi/xi3/3GmxCNH2H3.jpg', 'product/xi/xi3/3GmxCNH2H31.jpg', 'product/xi/xi3/3GmxCNH2H32.jpg'),
(427, 115, 'product/xi/xi3/5JTa46cp4s.jpg', 'product/xi/xi3/5JTa46cp4s1.jpg', 'product/xi/xi3/5JTa46cp4s2.jpg'),
(428, 115, 'product/xi/xi3/a8cTR8iWtn.jpg', 'product/xi/xi3/a8cTR8iWtn1.jpg', 'product/xi/xi3/a8cTR8iWtn2.jpg'),
(429, 115, 'product/xi/xi3/PPCYN2pxnN.jpg', 'product/xi/xi3/PPCYN2pxnN1.jpg', 'product/xi/xi3/PPCYN2pxnN2.jpg'),
(430, 115, 'product/xi/xi3/xHyBsPmhEz.jpg', 'product/xi/xi3/xHyBsPmhEz1.jpg', 'product/xi/xi3/xHyBsPmhEz2.jpg'),
(431, 116, 'product/xi/xi6/8HePbRtK5J.jpg', 'product/xi/xi6/8HePbRtK5J1.jpg', 'product/xi/xi6/8HePbRtK5J2.jpg'),
(432, 116, 'product/xi/xi6/he7xY8br8E.jpg', 'product/xi/xi6/he7xY8br8E1.jpg', 'product/xi/xi6/he7xY8br8E2.jpg'),
(433, 116, 'product/xi/xi6/QCSwDpsK27.jpg', 'product/xi/xi6/QCSwDpsK271.jpg', 'product/xi/xi6/QCSwDpsK272.jpg'),
(434, 116, 'product/xi/xi6/wzFihQKj2C.jpg', 'product/xi/xi6/wzFihQKj2C1.jpg', 'product/xi/xi6/wzFihQKj2C2.jpg'),
(435, 116, 'product/xi/xi6/y4AYMsQ5fQ.jpg', 'product/xi/xi6/y4AYMsQ5fQ1.jpg', 'product/xi/xi6/y4AYMsQ5fQ2.jpg'),
(436, 85, 'product/xi/xi_jiang/axSE2tsX7Z.jpg', 'product/xi/xi_jiang/axSE2tsX7Z1.jpg', 'product/xi/xi_jiang/axSE2tsX7Z2.jpg'),
(437, 85, 'product/xi/xi_jiang/j8pHJzJKJP.jpg', 'product/xi/xi_jiang/j8pHJzJKJP1.jpg', 'product/xi/xi_jiang/j8pHJzJKJP2.jpg'),
(438, 85, 'product/xi/xi_jiang/p5f6AkMQSZ.jpg', 'product/xi/xi_jiang/p5f6AkMQSZ1.jpg', 'product/xi/xi_jiang/p5f6AkMQSZ2.jpg'),
(439, 85, 'product/xi/xi_jiang/pxnHcGHGhJ.jpg', 'product/xi/xi_jiang/pxnHcGHGhJ1.jpg', 'product/xi/xi_jiang/pxnHcGHGhJ2.jpg'),
(440, 85, 'product/xi/xi_jiang/WanrZBsdwk.jpg', 'product/xi/xi_jiang/WanrZBsdwk1.jpg', 'product/xi/xi_jiang/WanrZBsdwk2.jpg'),
(441, 86, 'product/xi/xi_fang/2KHiACWMXj.jpg', 'product/xi/xi_fang/2KHiACWMXj1.jpg', 'product/xi/xi_fang/2KHiACWMXj2.jpg'),
(442, 86, 'product/xi/xi_fang/j5pr3FtXHm.jpg', 'product/xi/xi_fang/j5pr3FtXHm1.jpg', 'product/xi/xi_fang/j5pr3FtXHm2.jpg'),
(443, 86, 'product/xi/xi_fang/mbbWkKCyeh.jpg', 'product/xi/xi_fang/mbbWkKCyeh1.jpg', 'product/xi/xi_fang/mbbWkKCyeh2.jpg'),
(444, 86, 'product/xi/xi_fang/ssiZye3N7f.jpg', 'product/xi/xi_fang/ssiZye3N7f1.jpg', 'product/xi/xi_fang/ssiZye3N7f2.jpg'),
(445, 86, 'product/xi/xi_fang/T6Kxa5xP6D.jpg', 'product/xi/xi_fang/T6Kxa5xP6D1.jpg', 'product/xi/xi_fang/T6Kxa5xP6D2.jpg'),
(446, 87, 'product/xi/xi_hongjiang/7hwJphn7M5.jpg', 'product/xi/xi_hongjiang/7hwJphn7M51.jpg', 'product/xi/xi_hongjiang/7hwJphn7M52.jpg'),
(447, 87, 'product/xi/xi_hongjiang/BhH3AnHE5X.jpg', 'product/xi/xi_hongjiang/BhH3AnHE5X1.jpg', 'product/xi/xi_hongjiang/BhH3AnHE5X2.jpg'),
(448, 87, 'product/xi/xi_hongjiang/dRM3wSWSeK.jpg', 'product/xi/xi_hongjiang/dRM3wSWSeK1.jpg', 'product/xi/xi_hongjiang/dRM3wSWSeK2.jpg'),
(449, 87, 'product/xi/xi_hongjiang/QdGanE3xnj.jpg', 'product/xi/xi_hongjiang/QdGanE3xnj1.jpg', 'product/xi/xi_hongjiang/QdGanE3xnj2.jpg'),
(450, 88, 'product/xi/xi_hong/iznRW5hPcM.jpg', 'product/xi/xi_hong/iznRW5hPcM1.jpg', 'product/xi/xi_hong/iznRW5hPcM2.jpg'),
(451, 88, 'product/xi/xi_hong/nKGnwTFEKa.jpg', 'product/xi/xi_hong/nKGnwTFEKa1.jpg', 'product/xi/xi_hong/nKGnwTFEKa2.jpg'),
(452, 88, 'product/xi/xi_hong/RphfEFXPsY.jpg', 'product/xi/xi_hong/RphfEFXPsY1.jpg', 'product/xi/xi_hong/RphfEFXPsY2.jpg'),
(453, 88, 'product/xi/xi_hong/SkGZNfw7R4.jpg', 'product/xi/xi_hong/SkGZNfw7R41.jpg', 'product/xi/xi_hong/SkGZNfw7R42.jpg'),
(454, 88, 'product/xi/xi_hong/yppRyfyMkS.jpg', 'product/xi/xi_hong/yppRyfyMkS1.jpg', 'product/xi/xi_hong/yppRyfyMkS2.jpg'),
(455, 89, 'product/xi/xi_dian/3mn4F3WByz.jpg', 'product/xi/xi_dian/3mn4F3WByz1.jpg', 'product/xi/xi_dian/3mn4F3WByz2.jpg'),
(456, 89, 'product/xi/xi_dian/8CxJW8JHGN.jpg', 'product/xi/xi_dian/8CxJW8JHGN1.jpg', 'product/xi/xi_dian/8CxJW8JHGN2.jpg'),
(457, 89, 'product/xi/xi_dian/aPEyJHr33G.jpg', 'product/xi/xi_dian/aPEyJHr33G1.jpg', 'product/xi/xi_dian/aPEyJHr33G2.jpg'),
(458, 89, 'product/xi/xi_dian/c8RyRZZzTk.jpg', 'product/xi/xi_dian/c8RyRZZzTk1.jpg', 'product/xi/xi_dian/c8RyRZZzTk2.jpg'),
(459, 89, 'product/xi/xi_dian/XM5PzRW6WN.jpg', 'product/xi/xi_dian/XM5PzRW6WN1.jpg', 'product/xi/xi_dian/XM5PzRW6WN2.jpg'),
(460, 90, 'product/xi/xi_pin/5GWwpeDpf2.jpg', 'product/xi/xi_pin/5GWwpeDpf21.jpg', 'product/xi/xi_pin/5GWwpeDpf22.jpg'),
(461, 90, 'product/xi/xi_pin/68Wkr6a3mS.jpg', 'product/xi/xi_pin/68Wkr6a3mS1.jpg', 'product/xi/xi_pin/68Wkr6a3mS2.jpg'),
(462, 90, 'product/xi/xi_pin/QeRNpp855B.jpg', 'product/xi/xi_pin/QeRNpp855B1.jpg', 'product/xi/xi_pin/QeRNpp855B2.jpg'),
(463, 90, 'product/xi/xi_pin/QJKBnjnRtH.jpg', 'product/xi/xi_pin/QJKBnjnRtH1.jpg', 'product/xi/xi_pin/QJKBnjnRtH2.jpg'),
(464, 90, 'product/xi/xi_pin/AJBXaXM7m.jpg', 'product/xi/xi_pin/TAJBXaXM7m1.jpg', 'product/xi/xi_pin/TAJBXaXM7m2.jpg'),
(465, 91, 'product/xi/xi_jin/523edn786b.jpg', 'product/xi/xi_jin/523edn786b1.jpg', 'product/xi/xi_jin/523edn786b2.jpg'),
(466, 91, 'product/xi/xi_jin/CrDN2QbJPR.jpg', 'product/xi/xi_jin/CrDN2QbJPR1.jpg', 'product/xi/xi_jin/CrDN2QbJPR2.jpg'),
(467, 91, 'product/xi/xi_jin/se6KfCxGhZ.jpg', 'product/xi/xi_jin/se6KfCxGhZ1.jpg', 'product/xi/xi_jin/se6KfCxGhZ2.jpg'),
(468, 91, 'product/xi/xi_jin/SnhQdPBZkR.jpg', 'product/xi/xi_jin/SnhQdPBZkR1.jpg', 'product/xi/xi_jin/SnhQdPBZkR2.jpg'),
(469, 91, 'product/xi/xi_jin/Swz8rdwtbf.jpg', 'product/xi/xi_jin/Swz8rdwtbf1.jpg', 'product/xi/xi_jin/Swz8rdwtbf2.jpg'),
(470, 92, 'product/xi/xi_lao/AyhKM7rHYN.jpg', 'product/xi/xi_lao/AyhKM7rHYN1.jpg', 'product/xi/xi_lao/AyhKM7rHYN2.jpg'),
(471, 92, 'product/xi/xi_lao/djs7ksMtiY.jpg', 'product/xi/xi_lao/djs7ksMtiY1.jpg', 'product/xi/xi_lao/djs7ksMtiY2.jpg'),
(472, 92, 'product/xi/xi_lao/PADDt5ewRb.jpg', 'product/xi/xi_lao/PADDt5ewRb1.jpg', 'product/xi/xi_lao/PADDt5ewRb2.jpg'),
(473, 92, 'product/xi/xi_lao/PRBnaT8dex.jpg', 'product/xi/xi_lao/PRBnaT8dex1.jpg', 'product/xi/xi_lao/PRBnaT8dex2.jpg'),
(474, 92, 'product/xi/xi_lao/XJkj5WYTei.jpg', 'product/xi/xi_lao/XJkj5WYTei1.jpg', 'product/xi/xi_lao/XJkj5WYTei2.jpg'),
(475, 95, 'product/xi/xi_gan/5NE3fipsrK.jpg', 'product/xi/xi_gan/5NE3fipsrK1.jpg', 'product/xi/xi_gan/5NE3fipsrK2.jpg'),
(476, 95, 'product/xi/xi_gan/7kCjiM6W66.jpg', 'product/xi/xi_gan/7kCjiM6W661.jpg', 'product/xi/xi_gan/7kCjiM6W662.jpg'),
(477, 95, 'product/xi/xi_gan/jWnKw4ai8m.jpg', 'product/xi/xi_gan/jWnKw4ai8m1.jpg', 'product/xi/xi_gan/jWnKw4ai8m2.jpg'),
(478, 95, 'product/xi/xi_gan/NjrCyWSGGr.jpg', 'product/xi/xi_gan/NjrCyWSGGr1.jpg', 'product/xi/xi_gan/NjrCyWSGGr2.jpg'),
(479, 95, 'product/xi/xi_gan/xX2fd66pJE.jpg', 'product/xi/xi_gan/xX2fd66pJE1.jpg', 'product/xi/xi_gan/xX2fd66pJE2.jpg'),
(480, 96, 'product/xi/xi_fu/hWPBzpJNXW.jpg', 'product/xi/xi_fu/hWPBzpJNXW1.jpg', 'product/xi/xi_fu/hWPBzpJNXW2.jpg'),
(481, 96, 'product/xi/xi_fu/QWGT8NzEjc.jpg', 'product/xi/xi_fu/QWGT8NzEjc1.jpg', 'product/xi/xi_fu/QWGT8NzEjc2.jpg'),
(482, 96, 'product/xi/xi_fu/SKsTdSCRa7.jpg', 'product/xi/xi_fu/SKsTdSCRa71.jpg', 'product/xi/xi_fu/SKsTdSCRa72.jpg'),
(483, 96, 'product/xi/xi_fu/Y48BRbTnnD.jpg', 'product/xi/xi_fu/Y48BRbTnnD1.jpg', 'product/xi/xi_fu/Y48BRbTnnD2.jpg'),
(484, 96, 'product/xi/xi_fu/ZFFSkMGePh.jpg', 'product/xi/xi_fu/ZFFSkMGePh1.jpg', 'product/xi/xi_fu/ZFFSkMGePh2.jpg'),
(485, 97, 'product/xi/xi_cang/4XtxYe5K7A.jpg', 'product/xi/xi_cang/4XtxYe5K7A1.jpg', 'product/xi/xi_cang/4XtxYe5K7A2.jpg'),
(486, 97, 'product/xi/xi_cang/AHpGKDmfhT.jpg', 'product/xi/xi_cang/AHpGKDmfhT1.jpg', 'product/xi/xi_cang/AHpGKDmfhT2.jpg'),
(487, 97, 'product/xi/xi_cang/hAHPrKQ7Hb.jpg', 'product/xi/xi_cang/hAHPrKQ7Hb1.jpg', 'product/xi/xi_cang/hAHPrKQ7Hb2.jpg'),
(488, 97, 'product/xi/xi_cang/Q6bMJZHiTS.jpg', 'product/xi/xi_cang/Q6bMJZHiTS1.jpg', 'product/xi/xi_cang/Q6bMJZHiTS2.jpg'),
(489, 97, 'product/xi/xi_cang/yBspanXeb6.jpg', 'product/xi/xi_cang/yBspanXeb61.jpg', 'product/xi/xi_cang/yBspanXeb62.jpg'),
(490, 100, 'product/xi/xi88_lan/eEF7FrJa4D.jpg', 'product/xi/xi88_lan/eEF7FrJa4D1.jpg', 'product/xi/xi88_lan/eEF7FrJa4D2.jpg'),
(491, 100, 'product/xi/xi88_lan/ppnzJNSQcC.jpg', 'product/xi/xi88_lan/ppnzJNSQcC1.jpg', 'product/xi/xi88_lan/ppnzJNSQcC2.jpg'),
(492, 100, 'product/xi/xi88_lan/RERfyDnKYe.jpg', 'product/xi/xi88_lan/RERfyDnKYe1.jpg', 'product/xi/xi88_lan/RERfyDnKYe2.jpg'),
(493, 100, 'product/xi/xi88_lan/XFd85pZF2f.jpg', 'product/xi/xi88_lan/XFd85pZF2f1.jpg', 'product/xi/xi88_lan/XFd85pZF2f2.jpg'),
(494, 104, 'product/xi/xi88_zhen/47kQTrzKid.jpg', 'product/xi/xi88_zhen/47kQTrzKid1.jpg', 'product/xi/xi88_zhen/47kQTrzKid2.jpg'),
(495, 104, 'product/xi/xi88_zhen/JmstsBBpGX.jpg', 'product/xi/xi88_zhen/JmstsBBpGX1.jpg', 'product/xi/xi88_zhen/JmstsBBpGX2.jpg'),
(496, 104, 'product/xi/xi88_zhen/NCp4khKzGw.jpg', 'product/xi/xi88_zhen/NCp4khKzGw1.jpg', 'product/xi/xi88_zhen/NCp4khKzGw2.jpg'),
(497, 104, 'product/xi/xi88_zhen/PB67rPRHMR.jpg', 'product/xi/xi88_zhen/PB67rPRHMR1.jpg', 'product/xi/xi88_zhen/PB67rPRHMR2.jpg'),
(498, 104, 'product/xi/xi88_zhen/W3pFNbH85Q.jpg', 'product/xi/xi88_zhen/W3pFNbH85Q1.jpg', 'product/xi/xi88_zhen/W3pFNbH85Q2.jpg'),
(499, 105, 'product/xi/xi98/4XtxYe5K7A.jpg', 'product/xi/xi98/4XtxYe5K7A1.jpg', 'product/xi/xi98/4XtxYe5K7A2.jpg'),
(500, 105, 'product/xi/xi98/AHpGKDmfhT.jpg', 'product/xi/xi98/AHpGKDmfhT1.jpg', 'product/xi/xi98/AHpGKDmfhT2.jpg'),
(501, 105, 'product/xi/xi98/hAHPrKQ7Hb .jpg', 'product/xi/xi98/hAHPrKQ7Hb1.jpg', 'product/xi/xi98/hAHPrKQ7Hb2.jpg'),
(502, 105, 'product/xi/xi98/Q6bMJZHiTS.jpg', 'product/xi/xi98/Q6bMJZHiTS1.jpg', 'product/xi/xi98/Q6bMJZHiTS2.jpg'),
(503, 105, 'product/xi/xi98/yBspanXeb6.jpg', 'product/xi/xi98/yBspanXeb61.jpg', 'product/xi/xi98/yBspanXeb62.jpg'),
(504, 106, 'product/xi/xi98_hong/BnyycXrXSS.jpg', 'product/xi/xi98_hong/BnyycXrXSS1.jpg', 'product/xi/xi98_hong/BnyycXrXSS2.jpg'),
(505, 106, 'product/xi/xi98_hong/Gp652AD3TR.jpg', 'product/xi/xi98_hong/Gp652AD3TR1.jpg', 'product/xi/xi98_hong/Gp652AD3TR2.jpg'),
(506, 106, 'product/xi/xi98_hong/hCXQZM4pTk.jpg', 'product/xi/xi98_hong/hCXQZM4pTk1.jpg', 'product/xi/xi98_hong/hCXQZM4pTk2.jpg'),
(507, 106, 'product/xi/xi98_hong/NmW4bQGeWQ.jpg', 'product/xi/xi98_hong/NmW4bQGeWQ1.jpg', 'product/xi/xi98_hong/NmW4bQGeWQ2.jpg'),
(508, 106, 'product/xi/xi98_hong/YDXNYeBbWi.jpg', 'product/xi/xi98_hong/YDXNYeBbWi1.jpg', 'product/xi/xi98_hong/YDXNYeBbWi2.jpg'),
(509, 107, 'product/xi/xi_long/bJS7JfnjQ2.jpg', 'product/xi/xi_long/bJS7JfnjQ21.jpg', 'product/xi/xi_long/bJS7JfnjQ22.jpg'),
(510, 107, 'product/xi/xi_long/EhSMFeAceA.jpg', 'product/xi/xi_long/EhSMFeAceA1.jpg', 'product/xi/xi_long/EhSMFeAceA2.jpg'),
(511, 107, 'product/xi/xi_long/hNsNijMjKn.png', 'product/xi/xi_long/hNsNijMjKn1.png', 'product/xi/xi_long/hNsNijMjKn2.png'),
(512, 107, 'product/xi/xi_long/mEt7rFFBwB.jpg', 'product/xi/xi_long/mEt7rFFBwB1.jpg', 'product/xi/xi_long/mEt7rFFBwB2.jpg'),
(513, 107, 'product/xi/xi_long/x7FDmw32DW.jpg', 'product/xi/xi_long/x7FDmw32DW1.jpg', 'product/xi/xi_long/x7FDmw32DW2.jpg'),
(514, 108, 'product/xi/xi_ming/2N7Di5GXBN.jpg', 'product/xi/xi_ming/2N7Di5GXBN1.jpg', 'product/xi/xi_ming/2N7Di5GXBN2.jpg'),
(515, 108, 'product/xi/xi_ming/A5bNKHDCEp.jpg', 'product/xi/xi_ming/A5bNKHDCEp1.jpg', 'product/xi/xi_ming/A5bNKHDCEp2.jpg'),
(516, 108, 'product/xi/xi_ming/feek4Tfryn.jpg', 'product/xi/xi_ming/feek4Tfryn1.jpg', 'product/xi/xi_ming/feek4Tfryn2.jpg'),
(517, 108, 'product/xi/xi_ming/XX438Ye2SH.jpg', 'product/xi/xi_ming/XX438Ye2SH1.jpg', 'product/xi/xi_ming/XX438Ye2SH2.jpg'),
(518, 108, 'product/xi/xi_ming/ZQR6XarkQe.jpg', 'product/xi/xi_ming/ZQR6XarkQe1.jpg', 'product/xi/xi_ming/ZQR6XarkQe2.jpg'),
(519, 109, 'product/xi/xi_shuang/E3NrMcdc7X.jpg', 'product/xi/xi_shuang/E3NrMcdc7X1.jpg', 'product/xi/xi_shuang/E3NrMcdc7X2.jpg'),
(520, 109, 'product/xi/xi_shuang/H5DXXepJk6.jpg', 'product/xi/xi_shuang/H5DXXepJk61.jpg', 'product/xi/xi_shuang/H5DXXepJk62.jpg'),
(521, 109, 'product/xi/xi_shuang/McNQ8prAsW.jpg', 'product/xi/xi_shuang/McNQ8prAsW1.jpg', 'product/xi/xi_shuang/McNQ8prAsW2.jpg'),
(522, 109, 'product/xi/xi_shuang/n3jkeEyNWr.jpg', 'product/xi/xi_shuang/n3jkeEyNWr1.jpg', 'product/xi/xi_shuang/n3jkeEyNWr2.jpg'),
(523, 110, 'product/xi/xi_gui/N2eAfAWCx6.jpg', 'product/xi/xi_gui/N2eAfAWCx61.jpg', 'product/xi/xi_gui/N2eAfAWCx62.jpg'),
(524, 110, 'product/xi/xi_gui/PRn563TS3B.jpg', 'product/xi/xi_gui/PRn563TS3B1.jpg', 'product/xi/xi_gui/PRn563TS3B2.jpg'),
(525, 110, 'product/xi/xi_gui/rS5kbGmXCY.jpg', 'product/xi/xi_gui/rS5kbGmXCY1.jpg', 'product/xi/xi_gui/rS5kbGmXCY2.jpg'),
(526, 110, 'product/xi/xi_gui/wXz58JHzKS.jpg', 'product/xi/xi_gui/wXz58JHzKS1.jpg', 'product/xi/xi_gui/wXz58JHzKS2.jpg'),
(527, 117, 'product/xi/xi_yin/bsw346yxMD.jpg', 'product/xi/xi_yin/bsw346yxMD1.jpg', 'product/xi/xi_yin/bsw346yxMD2.jpg'),
(528, 117, 'product/xi/xi_yin/GtkWKNbbtM.jpg', 'product/xi/xi_yin/GtkWKNbbtM1.jpg', 'product/xi/xi_yin/GtkWKNbbtM2.jpg'),
(529, 117, 'product/xi/xi_yin/Gwkx8RWdJk.jpg', 'product/xi/xi_yin/Gwkx8RWdJk1.jpg', 'product/xi/xi_yin/Gwkx8RWdJk2.jpg'),
(530, 117, 'product/xi/xi_yin/XsPM6TP3HA.jpg', 'product/xi/xi_yin/XsPM6TP3HA1.jpg', 'product/xi/xi_yin/XsPM6TP3HA2.jpg'),
(531, 117, 'product/xi/xi_yin/XTbBMk7wSr.jpg', 'product/xi/xi_yin/XTbBMk7wSr1.jpg', 'product/xi/xi_yin/XTbBMk7wSr2.jpg'),
(532, 111, 'product/xi/xi_zun/3mpSyMz73A.jpg', 'product/xi/xi_zun/3mpSyMz73A1.jpg', 'product/xi/xi_zun/3mpSyMz73A2.jpg'),
(533, 111, 'product/xi/xi_zun/Ft5xz3FiQH.jpg', 'product/xi/xi_zun/Ft5xz3FiQH1.jpg', 'product/xi/xi_zun/Ft5xz3FiQH2.jpg'),
(534, 111, 'product/xi/xi_zun/GKb4RSS7sD.jpg', 'product/xi/xi_zun/GKb4RSS7sD1.jpg', 'product/xi/xi_zun/GKb4RSS7sD2.jpg'),
(535, 111, 'product/xi/xi_zun/WNf54JkFKj.jpg', 'product/xi/xi_zun/WNf54JkFKj1.jpg', 'product/xi/xi_zun/WNf54JkFKj2.jpg');
COMMIT;

/*!40101 SET CHARACTER_SET_CLIENT=@OLD_CHARACTER_SET_CLIENT */;
/*!40101 SET CHARACTER_SET_RESULTS=@OLD_CHARACTER_SET_RESULTS */;
/*!40101 SET COLLATION_CONNECTION=@OLD_COLLATION_CONNECTION */;
